symbol,yahoo_symbol,name,series,isin,industry,source,as_of
20MICRONS,20MICRONS.NS,20 Microns Limited,EQ,INE144J01027,,local_data_nse_equity_list,2026-04-29
21STCENMGM,21STCENMGM.NS,21st Century Management Services Limited,EQ,INE253B01015,,local_data_nse_equity_list,2026-04-29
360ONE,360ONE.NS,360 ONE WAM LIMITED,EQ,INE466L01038,,local_data_nse_equity_list,2026-04-29
3BBLACKBIO,3BBLACKBIO.NS,3B Blackbio Dx Limited,EQ,INE994E01018,,local_data_nse_equity_list,2026-04-29
3IINFOLTD,3IINFOLTD.NS,3i Infotech Limited,EQ,INE748C01038,,local_data_nse_equity_list,2026-04-29
3MINDIA,3MINDIA.NS,3M India Limited,EQ,INE470A01017,,local_data_nse_equity_list,2026-04-29
3PLAND,3PLAND.NS,3P Land Holdings Limited,EQ,INE105C01023,,local_data_nse_equity_list,2026-04-29
5PAISA,5PAISA.NS,5Paisa Capital Limited,EQ,INE618L01018,,local_data_nse_equity_list,2026-04-29
63MOONS,63MOONS.NS,63 moons technologies limited,EQ,INE111B01023,,local_data_nse_equity_list,2026-04-29
A2ZINFRA,A2ZINFRA.NS,A2Z Infra Engineering Limited,BE,INE619I01012,,local_data_nse_equity_list,2026-04-29
AAATECH,AAATECH.NS,AAA Technologies Limited,EQ,INE0D0U01013,,local_data_nse_equity_list,2026-04-29
AADHARHFC,AADHARHFC.NS,Aadhar Housing Finance Limited,EQ,INE883F01010,,local_data_nse_equity_list,2026-04-29
AAKASH,AAKASH.NS,Aakash Exploration Services Limited,BE,INE087Z01024,,local_data_nse_equity_list,2026-04-29
AAREYDRUGS,AAREYDRUGS.NS,Aarey Drugs & Pharmaceuticals Limited,EQ,INE198H01019,,local_data_nse_equity_list,2026-04-29
AARNAV,AARNAV.NS,Aarnav Fashions Limited,EQ,INE750R01016,,local_data_nse_equity_list,2026-04-29
AARON,AARON.NS,Aaron Industries Limited,EQ,INE721Z01010,,local_data_nse_equity_list,2026-04-29
AARTECH,AARTECH.NS,Aartech Solonics Limited,EQ,INE01C001026,,local_data_nse_equity_list,2026-04-29
AARTIDRUGS,AARTIDRUGS.NS,Aarti Drugs Limited,EQ,INE767A01016,,local_data_nse_equity_list,2026-04-29
AARTIIND,AARTIIND.NS,Aarti Industries Limited,EQ,INE769A01020,,local_data_nse_equity_list,2026-04-29
AARTIPHARM,AARTIPHARM.NS,Aarti Pharmalabs Limited,EQ,INE0LRU01027,,local_data_nse_equity_list,2026-04-29
AARTISURF,AARTISURF.NS,Aarti Surfactants Limited,EQ,INE09EO01013,,local_data_nse_equity_list,2026-04-29
AARVI,AARVI.NS,Aarvi Encon Limited,EQ,INE754X01016,,local_data_nse_equity_list,2026-04-29
AAVAS,AAVAS.NS,Aavas Financiers Limited,EQ,INE216P01012,,local_data_nse_equity_list,2026-04-29
ABANSENT,ABANSENT.NS,Abans Enterprises Limited,EQ,INE365O01028,,local_data_nse_equity_list,2026-04-29
ABB,ABB.NS,ABB India Limited,EQ,INE117A01022,,local_data_nse_equity_list,2026-04-29
ABBOTINDIA,ABBOTINDIA.NS,Abbott India Limited,EQ,INE358A01014,,local_data_nse_equity_list,2026-04-29
ABCAPITAL,ABCAPITAL.NS,Aditya Birla Capital Limited,EQ,INE674K01013,,local_data_nse_equity_list,2026-04-29
ABCOTS,ABCOTS.NS,A B Cotspin India Limited,EQ,INE08PH01015,,local_data_nse_equity_list,2026-04-29
ABDL,ABDL.NS,Allied Blenders and Distillers Limited,EQ,INE552Z01027,,local_data_nse_equity_list,2026-04-29
ABFRL,ABFRL.NS,Aditya Birla Fashion and Retail Limited,EQ,INE647O01011,,local_data_nse_equity_list,2026-04-29
ABINFRA,ABINFRA.NS,A B Infrabuild Limited,EQ,INE00YB01025,,local_data_nse_equity_list,2026-04-29
ABLBL,ABLBL.NS,Aditya Birla Lifestyle Brands Limited,EQ,INE14LE01019,,local_data_nse_equity_list,2026-04-29
ABMINTLLTD,ABMINTLLTD.NS,ABM International Limited,BE,INE251C01025,,local_data_nse_equity_list,2026-04-29
ABMKNO,ABMKNO.NS,ABM Knowledgeware Limited,EQ,INE850B01026,,local_data_nse_equity_list,2026-04-29
ABREL,ABREL.NS,Aditya Birla Real Estate Limited,EQ,INE055A01016,,local_data_nse_equity_list,2026-04-29
ABSLAMC,ABSLAMC.NS,Aditya Birla Sun Life AMC Limited,EQ,INE404A01024,,local_data_nse_equity_list,2026-04-29
ACC,ACC.NS,ACC Limited,EQ,INE012A01025,,local_data_nse_equity_list,2026-04-29
ACCELYA,ACCELYA.NS,Accelya Solutions India Limited,EQ,INE793A01012,,local_data_nse_equity_list,2026-04-29
ACCURACY,ACCURACY.NS,Accuracy Shipping Limited,BE,INE648Z01023,,local_data_nse_equity_list,2026-04-29
ACE,ACE.NS,Action Construction Equipment Limited,EQ,INE731H01025,,local_data_nse_equity_list,2026-04-29
ACEINTEG,ACEINTEG.NS,Ace Integrated Solutions Limited,EQ,INE543V01017,,local_data_nse_equity_list,2026-04-29
ACI,ACI.NS,Archean Chemical Industries Limited,EQ,INE128X01021,,local_data_nse_equity_list,2026-04-29
ACL,ACL.NS,Andhra Cements Limited,EQ,INE666E01020,,local_data_nse_equity_list,2026-04-29
ACMESOLAR,ACMESOLAR.NS,Acme Solar Holdings Limited,EQ,INE622W01025,,local_data_nse_equity_list,2026-04-29
ACSTECH,ACSTECH.NS,ACS Technologies Limited,EQ,INE366C01021,,local_data_nse_equity_list,2026-04-29
ACUTAAS,ACUTAAS.NS,Acutaas Chemicals Limited,EQ,INE00FF01025,,local_data_nse_equity_list,2026-04-29
ADANIENSOL,ADANIENSOL.NS,Adani Energy Solutions Limited,EQ,INE931S01010,,local_data_nse_equity_list,2026-04-29
ADANIENT,ADANIENT.NS,Adani Enterprises Limited,EQ,INE423A01024,,local_data_nse_equity_list,2026-04-29
ADANIGREEN,ADANIGREEN.NS,Adani Green Energy Limited,EQ,INE364U01010,,local_data_nse_equity_list,2026-04-29
ADANIPORTS,ADANIPORTS.NS,Adani Ports and Special Economic Zone Limited,EQ,INE742F01042,,local_data_nse_equity_list,2026-04-29
ADANIPOWER,ADANIPOWER.NS,Adani Power Limited,EQ,INE814H01029,,local_data_nse_equity_list,2026-04-29
ADFFOODS,ADFFOODS.NS,ADF Foods Limited,EQ,INE982B01027,,local_data_nse_equity_list,2026-04-29
ADL,ADL.NS,Archidply Decor Limited,EQ,INE0CHO01012,,local_data_nse_equity_list,2026-04-29
ADOR,ADOR.NS,Ador Welding Limited,EQ,INE045A01017,,local_data_nse_equity_list,2026-04-29
ADROITINFO,ADROITINFO.NS,Adroit Infotech Limited,EQ,INE737B01033,,local_data_nse_equity_list,2026-04-29
ADSL,ADSL.NS,Allied Digital Services Limited,EQ,INE102I01027,,local_data_nse_equity_list,2026-04-29
ADVAIT,ADVAIT.NS,Advait Energy Transitions Limited,EQ,INE0ALI01010,,local_data_nse_equity_list,2026-04-29
ADVANCE,ADVANCE.NS,Advance Agrolife Limited,EQ,INE1B0W01010,,local_data_nse_equity_list,2026-04-29
ADVANIHOTR,ADVANIHOTR.NS,Advani Hotels & Resorts (India) Limited,EQ,INE199C01026,,local_data_nse_equity_list,2026-04-29
ADVENTHTL,ADVENTHTL.NS,Advent Hotels International Limited,EQ,INE28GN01010,,local_data_nse_equity_list,2026-04-29
ADVENZYMES,ADVENZYMES.NS,Advanced Enzyme Technologies Limited,EQ,INE837H01020,,local_data_nse_equity_list,2026-04-29
AEGISLOG,AEGISLOG.NS,Aegis Logistics Limited,EQ,INE208C01025,,local_data_nse_equity_list,2026-04-29
AEGISVOPAK,AEGISVOPAK.NS,Aegis Vopak Terminals Limited,EQ,INE0INX01018,,local_data_nse_equity_list,2026-04-29
AEPL,AEPL.NS,Artemis Electricals and Projects Limited,BE,INE757T01025,,local_data_nse_equity_list,2026-04-29
AEQUS,AEQUS.NS,Aequs Limited,EQ,INE947N01017,,local_data_nse_equity_list,2026-04-29
AEROENTER,AEROENTER.NS,Aeroflex Enterprises Limited,EQ,INE065D01027,,local_data_nse_equity_list,2026-04-29
AEROFLEX,AEROFLEX.NS,Aeroflex Industries Limited,EQ,INE024001021,,local_data_nse_equity_list,2026-04-29
AERONEU,AERONEU.NS,Aeroflex Neu Limited,EQ,INE035801013,,local_data_nse_equity_list,2026-04-29
AETHER,AETHER.NS,Aether Industries Limited,EQ,INE0BWX01014,,local_data_nse_equity_list,2026-04-29
AFCONS,AFCONS.NS,Afcons Infrastructure Limited,EQ,INE101I01011,,local_data_nse_equity_list,2026-04-29
AFFLE,AFFLE.NS,Affle 3i Limited,EQ,INE00WC01027,,local_data_nse_equity_list,2026-04-29
AFFORDABLE,AFFORDABLE.NS,Affordable Robotic & Automation Limited,BE,INE692Z01013,,local_data_nse_equity_list,2026-04-29
AFIL,AFIL.NS,Akme Fintrade (India) Limited,BE,INE916Y01027,,local_data_nse_equity_list,2026-04-29
AFSL,AFSL.NS,Abans Financial Services Limited,EQ,INE00ZE01026,,local_data_nse_equity_list,2026-04-29
AGARIND,AGARIND.NS,Agarwal Industrial Corporation Limited,EQ,INE204E01012,,local_data_nse_equity_list,2026-04-29
AGARWALEYE,AGARWALEYE.NS,Dr. Agarwal's Health Care Limited,EQ,INE943P01029,,local_data_nse_equity_list,2026-04-29
AGI,AGI.NS,AGI Greenpac Limited,EQ,INE415A01038,,local_data_nse_equity_list,2026-04-29
AGIIL,AGIIL.NS,Agi Infra Limited,EQ,INE976R01033,,local_data_nse_equity_list,2026-04-29
AGRITECH,AGRITECH.NS,Agri-Tech (India) Limited,EQ,INE449G01018,,local_data_nse_equity_list,2026-04-29
AGROPHOS,AGROPHOS.NS,Agro Phos India Limited,EQ,INE740V01019,,local_data_nse_equity_list,2026-04-29
AHCL,AHCL.NS,Anlon Healthcare Limited,EQ,INE0Y8W01025,,local_data_nse_equity_list,2026-04-29
AHLADA,AHLADA.NS,Ahlada Engineers Limited,EQ,INE00PV01013,,local_data_nse_equity_list,2026-04-29
AHLEAST,AHLEAST.NS,Asian Hotels (East) Limited,EQ,INE926K01017,,local_data_nse_equity_list,2026-04-29
AHLUCONT,AHLUCONT.NS,Ahluwalia Contracts (India) Limited,EQ,INE758C01029,,local_data_nse_equity_list,2026-04-29
AHLWEST,AHLWEST.NS,Asian Hotels (West) Limited,BE,INE915K01010,,local_data_nse_equity_list,2026-04-29
AIAENG,AIAENG.NS,AIA Engineering Limited,EQ,INE212H01026,,local_data_nse_equity_list,2026-04-29
AIIL,AIIL.NS,Authum Investment & Infrastructure Limited,EQ,INE206F01022,,local_data_nse_equity_list,2026-04-29
AIRAN,AIRAN.NS,Airan Limited,EQ,INE645W01026,,local_data_nse_equity_list,2026-04-29
AIROLAM,AIROLAM.NS,Airo Lam limited,EQ,INE801L01010,,local_data_nse_equity_list,2026-04-29
AJANTPHARM,AJANTPHARM.NS,Ajanta Pharma Limited,EQ,INE031B01049,,local_data_nse_equity_list,2026-04-29
AJAXENGG,AJAXENGG.NS,Ajax Engineering Limited,EQ,INE274Y01021,,local_data_nse_equity_list,2026-04-29
AJMERA,AJMERA.NS,Ajmera Realty & Infra India Limited,EQ,INE298G01035,,local_data_nse_equity_list,2026-04-29
AJOONI,AJOONI.NS,Ajooni Biotech Limited,EQ,INE820Y01021,,local_data_nse_equity_list,2026-04-29
AKASH,AKASH.NS,Akash Infra-Projects Limited,EQ,INE737W01013,,local_data_nse_equity_list,2026-04-29
AKCAPIT,AKCAPIT.NS,AK Capital Services Limited,EQ,INE701G01012,,local_data_nse_equity_list,2026-04-29
AKG,AKG.NS,Akg Exim Limited,EQ,INE00Y801016,,local_data_nse_equity_list,2026-04-29
AKI,AKI.NS,AKI India Limited,EQ,INE642Z01026,,local_data_nse_equity_list,2026-04-29
AKSHAR,AKSHAR.NS,Akshar Spintex Limited,EQ,INE256Z01025,,local_data_nse_equity_list,2026-04-29
AKSHARCHEM,AKSHARCHEM.NS,AksharChem India Limited,EQ,INE542B01011,,local_data_nse_equity_list,2026-04-29
AKSHOPTFBR,AKSHOPTFBR.NS,Aksh Optifibre Limited,BE,INE523B01011,,local_data_nse_equity_list,2026-04-29
AKUMS,AKUMS.NS,Akums Drugs and Pharmaceuticals Limited,EQ,INE09XN01023,,local_data_nse_equity_list,2026-04-29
ALANKIT,ALANKIT.NS,Alankit Limited,EQ,INE914E01040,,local_data_nse_equity_list,2026-04-29
ALBERTDAVD,ALBERTDAVD.NS,Albert David Limited,EQ,INE155C01010,,local_data_nse_equity_list,2026-04-29
ALEMBICLTD,ALEMBICLTD.NS,Alembic Limited,EQ,INE426A01027,,local_data_nse_equity_list,2026-04-29
ALGOQUANT,ALGOQUANT.NS,Algoquant Fintech Limited,EQ,INE598D01035,,local_data_nse_equity_list,2026-04-29
ALICON,ALICON.NS,Alicon Castalloy Limited,EQ,INE062D01024,,local_data_nse_equity_list,2026-04-29
ALIVUS,ALIVUS.NS,Alivus Life Sciences Limited,EQ,INE03Q201024,,local_data_nse_equity_list,2026-04-29
ALKALI,ALKALI.NS,Alkali Metals Limited,EQ,INE773I01017,,local_data_nse_equity_list,2026-04-29
ALKEM,ALKEM.NS,Alkem Laboratories Limited,EQ,INE540L01014,,local_data_nse_equity_list,2026-04-29
ALKYLAMINE,ALKYLAMINE.NS,Alkyl Amines Chemicals Limited,EQ,INE150B01039,,local_data_nse_equity_list,2026-04-29
ALLCARGO,ALLCARGO.NS,Allcargo Logistics Limited,EQ,INE418H01029,,local_data_nse_equity_list,2026-04-29
ALLDIGI,ALLDIGI.NS,Alldigi Tech Limited,EQ,INE835G01018,,local_data_nse_equity_list,2026-04-29
ALLTIME,ALLTIME.NS,All Time Plastics Limited,EQ,INE0GV601021,,local_data_nse_equity_list,2026-04-29
ALMONDZ,ALMONDZ.NS,Almondz Global Securities Limited,EQ,INE326B01035,,local_data_nse_equity_list,2026-04-29
ALOKINDS,ALOKINDS.NS,Alok Industries Limited,EQ,INE270A01029,,local_data_nse_equity_list,2026-04-29
ALPA,ALPA.NS,Alpa Laboratories Limited,EQ,INE385I01010,,local_data_nse_equity_list,2026-04-29
ALPHAGEO,ALPHAGEO.NS,Alphageo (India) Limited,EQ,INE137C01018,,local_data_nse_equity_list,2026-04-29
AMAGI,AMAGI.NS,Amagi Media Labs Limited,EQ,INE121R01077,,local_data_nse_equity_list,2026-04-29
AMANTA,AMANTA.NS,Amanta Healthcare Limited,EQ,INE084K01015,,local_data_nse_equity_list,2026-04-29
AMBALALSA,AMBALALSA.NS,Ambalal Sarabhai Enterprises Limited,EQ,INE432A01017,,local_data_nse_equity_list,2026-04-29
AMBER,AMBER.NS,Amber Enterprises India Limited,EQ,INE371P01015,,local_data_nse_equity_list,2026-04-29
AMBICAAGAR,AMBICAAGAR.NS,Ambica Agarbathies & Aroma industries Limited,EQ,INE792B01012,,local_data_nse_equity_list,2026-04-29
AMBIKCO,AMBIKCO.NS,Ambika Cotton Mills Limited,EQ,INE540G01014,,local_data_nse_equity_list,2026-04-29
AMBUJACEM,AMBUJACEM.NS,Ambuja Cements Limited,EQ,INE079A01024,,local_data_nse_equity_list,2026-04-29
AMDIND,AMDIND.NS,AMD Industries Limited,EQ,INE005I01014,,local_data_nse_equity_list,2026-04-29
AMIRCHAND,AMIRCHAND.NS,Amir Chand Jagdish Kumar (Exports) Limited,EQ,INE05TO01019,,local_data_nse_equity_list,2026-04-29
AMJLAND,AMJLAND.NS,Amj Land Holdings Limited,EQ,INE606A01024,,local_data_nse_equity_list,2026-04-29
AMNPLST,AMNPLST.NS,Amines & Plasticizers Limited,EQ,INE275D01022,,local_data_nse_equity_list,2026-04-29
AMRUTANJAN,AMRUTANJAN.NS,Amrutanjan Health Care Limited,EQ,INE098F01031,,local_data_nse_equity_list,2026-04-29
ANANDRATHI,ANANDRATHI.NS,Anand Rathi Wealth Limited,EQ,INE463V01026,,local_data_nse_equity_list,2026-04-29
ANANTRAJ,ANANTRAJ.NS,Anant Raj Limited,EQ,INE242C01024,,local_data_nse_equity_list,2026-04-29
ANDHRAPAP,ANDHRAPAP.NS,ANDHRA PAPER LIMITED,EQ,INE435A01051,,local_data_nse_equity_list,2026-04-29
ANDHRSUGAR,ANDHRSUGAR.NS,The Andhra Sugars Limited,EQ,INE715B01021,,local_data_nse_equity_list,2026-04-29
ANGELONE,ANGELONE.NS,Angel One Limited,EQ,INE732I01021,,local_data_nse_equity_list,2026-04-29
ANIKINDS,ANIKINDS.NS,Anik Industries Limited,BE,INE087B01017,,local_data_nse_equity_list,2026-04-29
ANKITMETAL,ANKITMETAL.NS,Ankit Metal & Power Limited,BZ,INE106I01010,,local_data_nse_equity_list,2026-04-29
ANMOL,ANMOL.NS,Anmol India Limited,EQ,INE02AR01019,,local_data_nse_equity_list,2026-04-29
ANSALAPI,ANSALAPI.NS,Ansal Properties & Infrastructure Limited,BZ,INE436A01026,,local_data_nse_equity_list,2026-04-29
ANTELOPUS,ANTELOPUS.NS,Antelopus Selan Energy Limited,EQ,INE818A01017,,local_data_nse_equity_list,2026-04-29
ANTGRAPHIC,ANTGRAPHIC.NS,Antarctica Limited,EQ,INE414B01021,,local_data_nse_equity_list,2026-04-29
ANTHEM,ANTHEM.NS,Anthem Biosciences Limited,EQ,INE0CZ201020,,local_data_nse_equity_list,2026-04-29
ANUHPHR,ANUHPHR.NS,Anuh Pharma Limited,EQ,INE489G01022,,local_data_nse_equity_list,2026-04-29
ANUP,ANUP.NS,The Anup Engineering Limited,EQ,INE294Z01018,,local_data_nse_equity_list,2026-04-29
ANURAS,ANURAS.NS,Anupam Rasayan India Limited,EQ,INE930P01018,,local_data_nse_equity_list,2026-04-29
APARINDS,APARINDS.NS,Apar Industries Limited,EQ,INE372A01015,,local_data_nse_equity_list,2026-04-29
APCL,APCL.NS,Anjani Portland Cement Limited,EQ,INE071F01012,,local_data_nse_equity_list,2026-04-29
APCOTEXIND,APCOTEXIND.NS,Apcotex Industries Limited,EQ,INE116A01032,,local_data_nse_equity_list,2026-04-29
APEX,APEX.NS,Apex Frozen Foods Limited,EQ,INE346W01013,,local_data_nse_equity_list,2026-04-29
APLAPOLLO,APLAPOLLO.NS,APL Apollo Tubes Limited,EQ,INE702C01027,,local_data_nse_equity_list,2026-04-29
APLLTD,APLLTD.NS,Alembic Pharmaceuticals Limited,EQ,INE901L01018,,local_data_nse_equity_list,2026-04-29
APOLLO,APOLLO.NS,Apollo Micro Systems Limited,EQ,INE713T01028,,local_data_nse_equity_list,2026-04-29
APOLLOHOSP,APOLLOHOSP.NS,Apollo Hospitals Enterprise Limited,EQ,INE437A01024,,local_data_nse_equity_list,2026-04-29
APOLLOPIPE,APOLLOPIPE.NS,Apollo Pipes Limited,EQ,INE126J01016,,local_data_nse_equity_list,2026-04-29
APOLLOTYRE,APOLLOTYRE.NS,Apollo Tyres Limited,EQ,INE438A01022,,local_data_nse_equity_list,2026-04-29
APOLSINHOT,APOLSINHOT.NS,Apollo Sindoori Hotels Limited,EQ,INE451F01024,,local_data_nse_equity_list,2026-04-29
APTECHT,APTECHT.NS,Aptech Limited,EQ,INE266F01018,,local_data_nse_equity_list,2026-04-29
APTUS,APTUS.NS,Aptus Value Housing Finance India Limited,EQ,INE852O01025,,local_data_nse_equity_list,2026-04-29
AQYLON,AQYLON.NS,Aqylon Nexus Limited,EQ,INE416A01051,,local_data_nse_equity_list,2026-04-29
ARCHIDPLY,ARCHIDPLY.NS,Archidply Industries Limited,EQ,INE877I01016,,local_data_nse_equity_list,2026-04-29
ARCHIES,ARCHIES.NS,Archies Limited,EQ,INE731A01020,,local_data_nse_equity_list,2026-04-29
ARE&M,ARE&M.NS,Amara Raja Energy & Mobility Limited,EQ,INE885A01032,,local_data_nse_equity_list,2026-04-29
ARENTERP,ARENTERP.NS,Rajdarshan Industries Limited,EQ,INE610C01014,,local_data_nse_equity_list,2026-04-29
ARFIN,ARFIN.NS,Arfin India Limited,EQ,INE784R01023,,local_data_nse_equity_list,2026-04-29
ARIES,ARIES.NS,Aries Agro Limited,EQ,INE298I01015,,local_data_nse_equity_list,2026-04-29
ARIHANT,ARIHANT.NS,Arihant Foundations & Housing Limited,EQ,INE413D01011,,local_data_nse_equity_list,2026-04-29
ARIHANTCAP,ARIHANTCAP.NS,Arihant Capital Markets Limited,EQ,INE420B01036,,local_data_nse_equity_list,2026-04-29
ARIHANTSUP,ARIHANTSUP.NS,Arihant Superstructures Limited,EQ,INE643K01018,,local_data_nse_equity_list,2026-04-29
ARIS,ARIS.NS,Arisinfra Solutions Limited,EQ,INE0H9P01028,,local_data_nse_equity_list,2026-04-29
ARKADE,ARKADE.NS,Arkade Developers Limited,EQ,INE0QRL01017,,local_data_nse_equity_list,2026-04-29
ARMANFIN,ARMANFIN.NS,Arman Financial Services Limited,EQ,INE109C01017,,local_data_nse_equity_list,2026-04-29
AROGRANITE,AROGRANITE.NS,Aro Granite Industries Limited,EQ,INE210C01013,,local_data_nse_equity_list,2026-04-29
ARROWGREEN,ARROWGREEN.NS,Arrow Greentech Limited,EQ,INE570D01018,,local_data_nse_equity_list,2026-04-29
ARSHIYA,ARSHIYA.NS,Arshiya Limited,BZ,INE968D01022,,local_data_nse_equity_list,2026-04-29
ARSSBL,ARSSBL.NS,Anand Rathi Share and Stock Brokers Limited,EQ,INE549H01021,,local_data_nse_equity_list,2026-04-29
ARTEMISMED,ARTEMISMED.NS,Artemis Medicare Services Limited,EQ,INE025R01021,,local_data_nse_equity_list,2026-04-29
ARTNIRMAN,ARTNIRMAN.NS,Art Nirman Limited,BE,INE738V01013,,local_data_nse_equity_list,2026-04-29
ARVEE,ARVEE.NS,Arvee Laboratories (India) Limited,EQ,INE006Z01016,,local_data_nse_equity_list,2026-04-29
ARVIND,ARVIND.NS,Arvind Limited,EQ,INE034A01011,,local_data_nse_equity_list,2026-04-29
ARVINDFASN,ARVINDFASN.NS,Arvind Fashions Limited,EQ,INE955V01021,,local_data_nse_equity_list,2026-04-29
ARVSMART,ARVSMART.NS,Arvind SmartSpaces Limited,EQ,INE034S01021,,local_data_nse_equity_list,2026-04-29
ASAHIINDIA,ASAHIINDIA.NS,Asahi India Glass Limited,EQ,INE439A01020,,local_data_nse_equity_list,2026-04-29
ASAHISONG,ASAHISONG.NS,Asahi Songwon Colors Limited,EQ,INE228I01012,,local_data_nse_equity_list,2026-04-29
ASAL,ASAL.NS,Automotive Stampings and Assemblies Limited,EQ,INE900C01027,,local_data_nse_equity_list,2026-04-29
ASALCBR,ASALCBR.NS,Associated Alcohols & Breweries Ltd.,EQ,INE073G01016,,local_data_nse_equity_list,2026-04-29
ASHAPURMIN,ASHAPURMIN.NS,Ashapura Minechem Limited,EQ,INE348A01023,,local_data_nse_equity_list,2026-04-29
ASHIANA,ASHIANA.NS,Ashiana Housing Limited,EQ,INE365D01021,,local_data_nse_equity_list,2026-04-29
ASHIKA,ASHIKA.NS,Ashika Credit Capital Limited,EQ,INE094B01013,,local_data_nse_equity_list,2026-04-29
ASHIMASYN,ASHIMASYN.NS,Ashima Limited,EQ,INE440A01010,,local_data_nse_equity_list,2026-04-29
ASHOKA,ASHOKA.NS,Ashoka Buildcon Limited,EQ,INE442H01029,,local_data_nse_equity_list,2026-04-29
ASHOKAMET,ASHOKAMET.NS,Ashoka Metcast Limited,EQ,INE760Y01011,,local_data_nse_equity_list,2026-04-29
ASHOKLEY,ASHOKLEY.NS,Ashok Leyland Limited,EQ,INE208A01029,,local_data_nse_equity_list,2026-04-29
ASIANENE,ASIANENE.NS,Asian Energy Services Limited,EQ,INE276G01015,,local_data_nse_equity_list,2026-04-29
ASIANHOTNR,ASIANHOTNR.NS,Asian Hotels (North) Limited,EQ,INE363A01022,,local_data_nse_equity_list,2026-04-29
ASIANPAINT,ASIANPAINT.NS,Asian Paints Limited,EQ,INE021A01026,,local_data_nse_equity_list,2026-04-29
ASIANTILES,ASIANTILES.NS,Asian Granito India Limited,EQ,INE022I01019,,local_data_nse_equity_list,2026-04-29
ASKAUTOLTD,ASKAUTOLTD.NS,ASK Automotive Limited,EQ,INE491J01022,,local_data_nse_equity_list,2026-04-29
ASMS,ASMS.NS,Bartronics India Limited,EQ,INE855F01042,,local_data_nse_equity_list,2026-04-29
ASPINWALL,ASPINWALL.NS,Aspinwall and Company Limited,EQ,INE991I01015,,local_data_nse_equity_list,2026-04-29
ASTAR,ASTAR.NS,Asian Star Company Limited,EQ,INE194D01017,,local_data_nse_equity_list,2026-04-29
ASTEC,ASTEC.NS,Astec LifeSciences Limited,EQ,INE563J01010,,local_data_nse_equity_list,2026-04-29
ASTERDM,ASTERDM.NS,Aster DM Healthcare Limited,EQ,INE914M01019,,local_data_nse_equity_list,2026-04-29
ASTRAL,ASTRAL.NS,Astral Limited,EQ,INE006I01046,,local_data_nse_equity_list,2026-04-29
ASTRAMICRO,ASTRAMICRO.NS,Astra Microwave Products Limited,EQ,INE386C01029,,local_data_nse_equity_list,2026-04-29
ASTRAZEN,ASTRAZEN.NS,AstraZeneca Pharma India Limited,EQ,INE203A01020,,local_data_nse_equity_list,2026-04-29
ASTRON,ASTRON.NS,Astron Paper & Board Mill Limited,BE,INE646X01014,,local_data_nse_equity_list,2026-04-29
ATALREAL,ATALREAL.NS,Atal Realtech Limited,EQ,INE0ALR01029,,local_data_nse_equity_list,2026-04-29
ATAM,ATAM.NS,Atam Valves Limited,EQ,INE09KD01013,,local_data_nse_equity_list,2026-04-29
ATGL,ATGL.NS,Adani Total Gas Limited,EQ,INE399L01023,,local_data_nse_equity_list,2026-04-29
ATHERENERG,ATHERENERG.NS,Ather Energy Limited,EQ,INE0LEZ01016,,local_data_nse_equity_list,2026-04-29
ATL,ATL.NS,Allcargo Terminals Limited,EQ,INE0NN701020,,local_data_nse_equity_list,2026-04-29
ATLANTAA,ATLANTAA.NS,ATLANTAA LIMITED,EQ,INE285H01022,,local_data_nse_equity_list,2026-04-29
ATLANTAELE,ATLANTAELE.NS,Atlanta Electricals Limited,EQ,INE0Z4F01028,,local_data_nse_equity_list,2026-04-29
ATLASCYCLE,ATLASCYCLE.NS,Atlas Cycles (Haryana) Limited,EQ,INE446A01025,,local_data_nse_equity_list,2026-04-29
ATUL,ATUL.NS,Atul Limited,EQ,INE100A01010,,local_data_nse_equity_list,2026-04-29
ATULAUTO,ATULAUTO.NS,Atul Auto Limited,EQ,INE951D01028,,local_data_nse_equity_list,2026-04-29
AUBANK,AUBANK.NS,AU Small Finance Bank Limited,EQ,INE949L01017,,local_data_nse_equity_list,2026-04-29
AURIGROW,AURIGROW.NS,Auri Grow India Limited,EQ,INE925Y01036,,local_data_nse_equity_list,2026-04-29
AURIONPRO,AURIONPRO.NS,Aurionpro Solutions Limited,EQ,INE132H01018,,local_data_nse_equity_list,2026-04-29
AUROPHARMA,AUROPHARMA.NS,Aurobindo Pharma Limited,EQ,INE406A01037,,local_data_nse_equity_list,2026-04-29
AURUM,AURUM.NS,Aurum PropTech Limited,EQ,INE898S01029,,local_data_nse_equity_list,2026-04-29
AUSOMENT,AUSOMENT.NS,Ausom Enterprise Limited,BE,INE218C01016,,local_data_nse_equity_list,2026-04-29
AUTOAXLES,AUTOAXLES.NS,Automotive Axles Limited,EQ,INE449A01011,,local_data_nse_equity_list,2026-04-29
AUTOIND,AUTOIND.NS,Autoline Industries Limited,EQ,INE718H01014,,local_data_nse_equity_list,2026-04-29
AVADHSUGAR,AVADHSUGAR.NS,Avadh Sugar & Energy Limited,BE,INE349W01017,,local_data_nse_equity_list,2026-04-29
AVAILFC,AVAILFC.NS,Available Finance Limited,EQ,INE325G01010,,local_data_nse_equity_list,2026-04-29
AVALON,AVALON.NS,Avalon Technologies Limited,EQ,INE0LCL01028,,local_data_nse_equity_list,2026-04-29
AVANTEL,AVANTEL.NS,Avantel Limited,EQ,INE005B01027,,local_data_nse_equity_list,2026-04-29
AVANTIFEED,AVANTIFEED.NS,Avanti Feeds Limited,EQ,INE871C01038,,local_data_nse_equity_list,2026-04-29
AVG,AVG.NS,AVG Logistics Limited,EQ,INE680Z01018,,local_data_nse_equity_list,2026-04-29
AVL,AVL.NS,Aditya Vision Limited,EQ,INE679V01027,,local_data_nse_equity_list,2026-04-29
AVONMORE,AVONMORE.NS,Avonmore Capital & Management Services Limited,EQ,INE323B01024,,local_data_nse_equity_list,2026-04-29
AVROIND,AVROIND.NS,AVRO INDIA LIMITED,EQ,INE652Z01017,,local_data_nse_equity_list,2026-04-29
AVTNPL,AVTNPL.NS,AVT Natural Products Limited,EQ,INE488D01021,,local_data_nse_equity_list,2026-04-29
AWFIS,AWFIS.NS,Awfis Space Solutions Limited,EQ,INE108V01019,,local_data_nse_equity_list,2026-04-29
AWHCL,AWHCL.NS,Antony Waste Handling Cell Limited,EQ,INE01BK01022,,local_data_nse_equity_list,2026-04-29
AWL,AWL.NS,AWL Agri Business Limited,EQ,INE699H01024,,local_data_nse_equity_list,2026-04-29
AXISBANK,AXISBANK.NS,Axis Bank Limited,EQ,INE238A01034,,local_data_nse_equity_list,2026-04-29
AXISCADES,AXISCADES.NS,AXISCADES Technologies Limited,EQ,INE555B01013,,local_data_nse_equity_list,2026-04-29
AXITA,AXITA.NS,Axita Cotton Limited,EQ,INE02EZ01022,,local_data_nse_equity_list,2026-04-29
AYE,AYE.NS,Aye Finance Limited,EQ,INE501X01029,,local_data_nse_equity_list,2026-04-29
AYMSYNTEX,AYMSYNTEX.NS,AYM Syntex Limited,EQ,INE193B01039,,local_data_nse_equity_list,2026-04-29
AZAD,AZAD.NS,Azad Engineering Limited,EQ,INE02IJ01035,,local_data_nse_equity_list,2026-04-29
BAFNAPH,BAFNAPH.NS,Bafna Pharmaceuticals Limited,BE,INE878I01022,,local_data_nse_equity_list,2026-04-29
BAGFILMS,BAGFILMS.NS,B.A.G Films and Media Limited,EQ,INE116D01028,,local_data_nse_equity_list,2026-04-29
BAIDFIN,BAIDFIN.NS,Baid Finserv Limited,EQ,INE020D01022,,local_data_nse_equity_list,2026-04-29
BAJAJ-AUTO,BAJAJ-AUTO.NS,Bajaj Auto Limited,EQ,INE917I01010,,local_data_nse_equity_list,2026-04-29
BAJAJCON,BAJAJCON.NS,Bajaj Consumer Care Limited,EQ,INE933K01021,,local_data_nse_equity_list,2026-04-29
BAJAJELEC,BAJAJELEC.NS,Bajaj Electricals Limited,EQ,INE193E01025,,local_data_nse_equity_list,2026-04-29
BAJAJFINSV,BAJAJFINSV.NS,Bajaj Finserv Limited,EQ,INE918I01026,,local_data_nse_equity_list,2026-04-29
BAJAJHCARE,BAJAJHCARE.NS,Bajaj Healthcare Limited,EQ,INE411U01027,,local_data_nse_equity_list,2026-04-29
BAJAJHFL,BAJAJHFL.NS,Bajaj Housing Finance Limited,EQ,INE377Y01014,,local_data_nse_equity_list,2026-04-29
BAJAJHIND,BAJAJHIND.NS,Bajaj Hindusthan Sugar Limited,EQ,INE306A01021,,local_data_nse_equity_list,2026-04-29
BAJAJHLDNG,BAJAJHLDNG.NS,Bajaj Holdings & Investment Limited,EQ,INE118A01012,,local_data_nse_equity_list,2026-04-29
BAJAJINDEF,BAJAJINDEF.NS,Indef Manufacturing Limited,EQ,INE0O9T01021,,local_data_nse_equity_list,2026-04-29
BAJAJST,BAJAJST.NS,Bajaj Steel Industries Limited,EQ,INE704G01024,,local_data_nse_equity_list,2026-04-29
BAJEL,BAJEL.NS,Bajel Projects Limited,EQ,INE0KQN01018,,local_data_nse_equity_list,2026-04-29
BAJFINANCE,BAJFINANCE.NS,Bajaj Finance Limited,EQ,INE296A01032,,local_data_nse_equity_list,2026-04-29
BALAJEE,BALAJEE.NS,Shree Tirupati Balajee Agro Trading Company Limited,EQ,INE0S2G01011,,local_data_nse_equity_list,2026-04-29
BALAJITELE,BALAJITELE.NS,Balaji Telefilms Limited,EQ,INE794B01026,,local_data_nse_equity_list,2026-04-29
BALAMINES,BALAMINES.NS,Balaji Amines Limited,EQ,INE050E01027,,local_data_nse_equity_list,2026-04-29
BALAXI,BALAXI.NS,BALAXI PHARMACEUTICALS LIMITED,BE,INE618N01022,,local_data_nse_equity_list,2026-04-29
BALKRISHNA,BALKRISHNA.NS,Balkrishna Paper Mills Limited,EQ,INE875R01011,,local_data_nse_equity_list,2026-04-29
BALKRISIND,BALKRISIND.NS,Balkrishna Industries Limited,EQ,INE787D01026,,local_data_nse_equity_list,2026-04-29
BALMLAWRIE,BALMLAWRIE.NS,Balmer Lawrie & Company Limited,EQ,INE164A01016,,local_data_nse_equity_list,2026-04-29
BALPHARMA,BALPHARMA.NS,Bal Pharma Limited,EQ,INE083D01012,,local_data_nse_equity_list,2026-04-29
BALRAMCHIN,BALRAMCHIN.NS,Balrampur Chini Mills Limited,EQ,INE119A01028,,local_data_nse_equity_list,2026-04-29
BALUFORGE,BALUFORGE.NS,Balu Forge Industries Limited,EQ,INE011E01029,,local_data_nse_equity_list,2026-04-29
BANARBEADS,BANARBEADS.NS,Banaras Beads Limited,EQ,INE655B01011,,local_data_nse_equity_list,2026-04-29
BANARISUG,BANARISUG.NS,Bannari Amman Sugars Limited,EQ,INE459A01010,,local_data_nse_equity_list,2026-04-29
BANCOINDIA,BANCOINDIA.NS,Banco Products (I) Limited,EQ,INE213C01025,,local_data_nse_equity_list,2026-04-29
BANDHANBNK,BANDHANBNK.NS,Bandhan Bank Limited,EQ,INE545U01014,,local_data_nse_equity_list,2026-04-29
BANG,BANG.NS,Bang Overseas Limited,EQ,INE863I01016,,local_data_nse_equity_list,2026-04-29
BANKA,BANKA.NS,Banka BioLoo Limited,BE,INE862Y01015,,local_data_nse_equity_list,2026-04-29
BANKBARODA,BANKBARODA.NS,Bank of Baroda,EQ,INE028A01039,,local_data_nse_equity_list,2026-04-29
BANKINDIA,BANKINDIA.NS,Bank of India,EQ,INE084A01016,,local_data_nse_equity_list,2026-04-29
BANSALWIRE,BANSALWIRE.NS,Bansal Wire Industries Limited,EQ,INE0B9K01025,,local_data_nse_equity_list,2026-04-29
BANSWRAS,BANSWRAS.NS,Banswara Syntex Limited,EQ,INE629D01020,,local_data_nse_equity_list,2026-04-29
BASF,BASF.NS,BASF India Limited,EQ,INE373A01013,,local_data_nse_equity_list,2026-04-29
BASML,BASML.NS,Bannari Amman Spinning Mills Limited,EQ,INE186H01022,,local_data_nse_equity_list,2026-04-29
BATAINDIA,BATAINDIA.NS,Bata India Limited,EQ,INE176A01028,,local_data_nse_equity_list,2026-04-29
BATLIBOI,BATLIBOI.NS,Batliboi Limited,EQ,INE177C01022,,local_data_nse_equity_list,2026-04-29
BAYERCROP,BAYERCROP.NS,Bayer Cropscience Limited,EQ,INE462A01022,,local_data_nse_equity_list,2026-04-29
BBL,BBL.NS,Bharat Bijlee Limited,EQ,INE464A01036,,local_data_nse_equity_list,2026-04-29
BBOX,BBOX.NS,Black Box Limited,EQ,INE676A01027,,local_data_nse_equity_list,2026-04-29
BBTC,BBTC.NS,The Bombay Burmah Trading Corporation Limited,EQ,INE050A01025,,local_data_nse_equity_list,2026-04-29
BBTCL,BBTCL.NS,B&B Triplewall Containers Limited,EQ,INE01EE01011,,local_data_nse_equity_list,2026-04-29
BCG,BCG.NS,Brightcom Group Limited,BE,INE425B01027,,local_data_nse_equity_list,2026-04-29
BCLIND,BCLIND.NS,Bcl Industries Limited,EQ,INE412G01024,,local_data_nse_equity_list,2026-04-29
BCONCEPTS,BCONCEPTS.NS,Brand Concepts Limited,EQ,INE977Y01011,,local_data_nse_equity_list,2026-04-29
BCPL,BCPL.NS,BCPL Railway Infrastructure Limited,EQ,INE00SW01015,,local_data_nse_equity_list,2026-04-29
BDL,BDL.NS,Bharat Dynamics Limited,EQ,INE171Z01026,,local_data_nse_equity_list,2026-04-29
BEARDSELL,BEARDSELL.NS,Beardsell Limited,EQ,INE520H01022,,local_data_nse_equity_list,2026-04-29
BECTORFOOD,BECTORFOOD.NS,Mrs. Bectors Food Specialities Limited,EQ,INE495P01020,,local_data_nse_equity_list,2026-04-29
BEDMUTHA,BEDMUTHA.NS,Bedmutha Industries Limited,BE,INE844K01012,,local_data_nse_equity_list,2026-04-29
BEEKAY,BEEKAY.NS,Beekay Steel Industries Limited,EQ,INE213D01015,,local_data_nse_equity_list,2026-04-29
BEL,BEL.NS,Bharat Electronics Limited,EQ,INE263A01024,,local_data_nse_equity_list,2026-04-29
BELLACASA,BELLACASA.NS,Bella Casa Fashion & Retail Limited,EQ,INE344T01014,,local_data_nse_equity_list,2026-04-29
BELRISE,BELRISE.NS,Belrise Industries Limited,EQ,INE894V01022,,local_data_nse_equity_list,2026-04-29
BEML,BEML.NS,BEML Limited,EQ,INE258A01024,,local_data_nse_equity_list,2026-04-29
BENGALASM,BENGALASM.NS,Bengal & Assam Company Limited,EQ,INE083K01017,,local_data_nse_equity_list,2026-04-29
BEPL,BEPL.NS,Bhansali Engineering Polymers Limited,EQ,INE922A01025,,local_data_nse_equity_list,2026-04-29
BERGEPAINT,BERGEPAINT.NS,Berger Paints (I) Limited,EQ,INE463A01038,,local_data_nse_equity_list,2026-04-29
BESTAGRO,BESTAGRO.NS,Best Agrolife Limited,BE,INE052T01021,,local_data_nse_equity_list,2026-04-29
BETA,BETA.NS,Beta Drugs Limited,EQ,INE351Y01019,,local_data_nse_equity_list,2026-04-29
BFINVEST,BFINVEST.NS,BF Investment Limited,EQ,INE878K01010,,local_data_nse_equity_list,2026-04-29
BFUTILITIE,BFUTILITIE.NS,BF Utilities Limited,EQ,INE243D01012,,local_data_nse_equity_list,2026-04-29
BGRENERGY,BGRENERGY.NS,BGR Energy Systems Limited,BE,INE661I01014,,local_data_nse_equity_list,2026-04-29
BHAGCHEM,BHAGCHEM.NS,Bhagiradha Chemicals & Industries Limited,EQ,INE414D01027,,local_data_nse_equity_list,2026-04-29
BHAGERIA,BHAGERIA.NS,Bhageria Industries Limited,EQ,INE354C01027,,local_data_nse_equity_list,2026-04-29
BHAGYANGR,BHAGYANGR.NS,Bhagyanagar India Limited,EQ,INE458B01036,,local_data_nse_equity_list,2026-04-29
BHANDARI,BHANDARI.NS,Bhandari Hosiery Exports Limited,EQ,INE474E01029,,local_data_nse_equity_list,2026-04-29
BHARATCOAL,BHARATCOAL.NS,Bharat Coking Coal Limited,EQ,INE05XR01022,,local_data_nse_equity_list,2026-04-29
BHARATFORG,BHARATFORG.NS,Bharat Forge Limited,EQ,INE465A01025,,local_data_nse_equity_list,2026-04-29
BHARATGEAR,BHARATGEAR.NS,Bharat Gears Limited,EQ,INE561C01019,,local_data_nse_equity_list,2026-04-29
BHARATRAS,BHARATRAS.NS,Bharat Rasayan Limited,EQ,INE838B01021,,local_data_nse_equity_list,2026-04-29
BHARATSE,BHARATSE.NS,Bharat Seats Limited,EQ,INE415D01024,,local_data_nse_equity_list,2026-04-29
BHARATWIRE,BHARATWIRE.NS,Bharat Wire Ropes Limited,EQ,INE316L01019,,local_data_nse_equity_list,2026-04-29
BHARTIARTL,BHARTIARTL.NS,Bharti Airtel Limited,EQ,INE397D01024,,local_data_nse_equity_list,2026-04-29
BHARTIHEXA,BHARTIHEXA.NS,Bharti Hexacom Limited,EQ,INE343G01021,,local_data_nse_equity_list,2026-04-29
BHEL,BHEL.NS,Bharat Heavy Electricals Limited,EQ,INE257A01026,,local_data_nse_equity_list,2026-04-29
BI,BI.NS,Bilcare Limited,EQ,INE986A01012,,local_data_nse_equity_list,2026-04-29
BIGBLOC,BIGBLOC.NS,Bigbloc Construction Limited,EQ,INE412U01025,,local_data_nse_equity_list,2026-04-29
BIKAJI,BIKAJI.NS,Bikaji Foods International Limited,EQ,INE00E101023,,local_data_nse_equity_list,2026-04-29
BIL,BIL.NS,Bhartiya International Limited,EQ,INE828A01016,,local_data_nse_equity_list,2026-04-29
BIMETAL,BIMETAL.NS,Bimetal Bearings Limited,EQ,INE469A01019,,local_data_nse_equity_list,2026-04-29
BIOCON,BIOCON.NS,Biocon Limited,EQ,INE376G01013,,local_data_nse_equity_list,2026-04-29
BIOFILCHEM,BIOFILCHEM.NS,Biofil Chemicals & Pharmaceuticals Limited,EQ,INE829A01014,,local_data_nse_equity_list,2026-04-29
BIRLACABLE,BIRLACABLE.NS,Birla Cable Limited,EQ,INE800A01015,,local_data_nse_equity_list,2026-04-29
BIRLACORPN,BIRLACORPN.NS,Birla Corporation Limited,EQ,INE340A01012,,local_data_nse_equity_list,2026-04-29
BIRLAMONEY,BIRLAMONEY.NS,Aditya Birla Money Limited,EQ,INE865C01022,,local_data_nse_equity_list,2026-04-29
BIRLANU,BIRLANU.NS,BirlaNu Limited,EQ,INE557A01011,,local_data_nse_equity_list,2026-04-29
BIRLAPREC,BIRLAPREC.NS,Birla Precision Technologies Limited,EQ,INE372E01025,,local_data_nse_equity_list,2026-04-29
BLACKBUCK,BLACKBUCK.NS,BLACKBUCK LIMITED,EQ,INE0UIZ01018,,local_data_nse_equity_list,2026-04-29
BLACKROSE,BLACKROSE.NS,Black Rose Inds. Limited,EQ,INE761G01016,,local_data_nse_equity_list,2026-04-29
BLAL,BLAL.NS,BEML Land Assets Limited,EQ,INE0N7W01012,,local_data_nse_equity_list,2026-04-29
BLBLIMITED,BLBLIMITED.NS,BLB Limited,BE,INE791A01024,,local_data_nse_equity_list,2026-04-29
BLIL,BLIL.NS,Balmer Lawrie Investments Limited,EQ,INE525F01025,,local_data_nse_equity_list,2026-04-29
BLISSGVS,BLISSGVS.NS,Bliss GVS Pharma Limited,EQ,INE416D01022,,local_data_nse_equity_list,2026-04-29
BLKASHYAP,BLKASHYAP.NS,B. L. Kashyap and Sons Limited,EQ,INE350H01032,,local_data_nse_equity_list,2026-04-29
BLS,BLS.NS,BLS International Services Limited,EQ,INE153T01027,,local_data_nse_equity_list,2026-04-29
BLSE,BLSE.NS,BLS E-Services Limited,EQ,INE0NLT01010,,local_data_nse_equity_list,2026-04-29
BLUECHIP,BLUECHIP.NS,Blue Chip India Limited,BE,INE657B01025,,local_data_nse_equity_list,2026-04-29
BLUECOAST,BLUECOAST.NS,Blue Coast Hotels Limited,EQ,INE472B01011,,local_data_nse_equity_list,2026-04-29
BLUEDART,BLUEDART.NS,Blue Dart Express Limited,EQ,INE233B01017,,local_data_nse_equity_list,2026-04-29
BLUEJET,BLUEJET.NS,Blue Jet Healthcare Limited,EQ,INE0KBH01020,,local_data_nse_equity_list,2026-04-29
BLUESTARCO,BLUESTARCO.NS,Blue Star Limited,EQ,INE472A01039,,local_data_nse_equity_list,2026-04-29
BLUESTONE,BLUESTONE.NS,BlueStone Jewellery and Lifestyle Limited,EQ,INE304W01038,,local_data_nse_equity_list,2026-04-29
BLUSPRING,BLUSPRING.NS,Bluspring Enterprises Limited,EQ,INE0U4101014,,local_data_nse_equity_list,2026-04-29
BMWVENTLTD,BMWVENTLTD.NS,BMW Ventures Limited,EQ,INE965W01036,,local_data_nse_equity_list,2026-04-29
BNAGROCHEM,BNAGROCHEM.NS,BN Agrochem Limited,EQ,INE00HZ01011,,local_data_nse_equity_list,2026-04-29
BNALTD,BNALTD.NS,B & A Limited,EQ,INE489D01011,,local_data_nse_equity_list,2026-04-29
BODALCHEM,BODALCHEM.NS,Bodal Chemicals Limited,EQ,INE338D01028,,local_data_nse_equity_list,2026-04-29
BOHRAIND,BOHRAIND.NS,Bohra Industries Limited,BE,INE802W01023,,local_data_nse_equity_list,2026-04-29
BOMDYEING,BOMDYEING.NS,Bombay Dyeing & Mfg Company Limited,EQ,INE032A01023,,local_data_nse_equity_list,2026-04-29
BONLON,BONLON.NS,Bonlon Industries Limited,EQ,INE0B9A01018,,local_data_nse_equity_list,2026-04-29
BORANA,BORANA.NS,Borana Weaves Limited,BE,INE16SF01016,,local_data_nse_equity_list,2026-04-29
BOROLTD,BOROLTD.NS,Borosil Limited,EQ,INE02PY01013,,local_data_nse_equity_list,2026-04-29
BORORENEW,BORORENEW.NS,BOROSIL RENEWABLES LIMITED,EQ,INE666D01022,,local_data_nse_equity_list,2026-04-29
BOROSCI,BOROSCI.NS,Borosil Scientific Limited,EQ,INE02L001032,,local_data_nse_equity_list,2026-04-29
BOSCH-HCIL,BOSCH-HCIL.NS,BOSCH HOME COMFORT INDIA LIMITED,EQ,INE782A01015,,local_data_nse_equity_list,2026-04-29
BOSCHLTD,BOSCHLTD.NS,Bosch Limited,EQ,INE323A01026,,local_data_nse_equity_list,2026-04-29
BPCL,BPCL.NS,Bharat Petroleum Corporation Limited,EQ,INE029A01011,,local_data_nse_equity_list,2026-04-29
BPL,BPL.NS,BPL Limited,EQ,INE110A01019,,local_data_nse_equity_list,2026-04-29
BRIGADE,BRIGADE.NS,Brigade Enterprises Limited,EQ,INE791I01019,,local_data_nse_equity_list,2026-04-29
BRIGHOTEL,BRIGHOTEL.NS,Brigade Hotel Ventures Limited,EQ,INE03NU01014,,local_data_nse_equity_list,2026-04-29
BRITANNIA,BRITANNIA.NS,Britannia Industries Limited,EQ,INE216A01030,,local_data_nse_equity_list,2026-04-29
BRNL,BRNL.NS,Bharat Road Network Limited,EQ,INE727S01012,,local_data_nse_equity_list,2026-04-29
BROOKS,BROOKS.NS,Brooks Laboratories Limited,BE,INE650L01011,,local_data_nse_equity_list,2026-04-29
BSE,BSE.NS,BSE Limited,EQ,INE118H01025,,local_data_nse_equity_list,2026-04-29
BSHSL,BSHSL.NS,Bombay Super Hybrid Seeds Limited,EQ,INE032Z01020,,local_data_nse_equity_list,2026-04-29
BSL,BSL.NS,BSL Limited,EQ,INE594B01012,,local_data_nse_equity_list,2026-04-29
BSOFT,BSOFT.NS,BIRLASOFT LIMITED,EQ,INE836A01035,,local_data_nse_equity_list,2026-04-29
BTML,BTML.NS,Bodhi Tree Multimedia Limited,EQ,INE0EEJ01023,,local_data_nse_equity_list,2026-04-29
BTTL,BTTL.NS,Bhilwara Technical Textiles Limited,EQ,INE274K01012,,local_data_nse_equity_list,2026-04-29
BUILDPRO,BUILDPRO.NS,Shankara Buildpro Limited,EQ,INE24OJ01011,,local_data_nse_equity_list,2026-04-29
BUTTERFLY,BUTTERFLY.NS,Butterfly Gandhimathi Appliances Limited,EQ,INE295F01017,,local_data_nse_equity_list,2026-04-29
BVCL,BVCL.NS,Barak Valley Cements Limited,EQ,INE139I01011,,local_data_nse_equity_list,2026-04-29
BYKE,BYKE.NS,The Byke Hospitality Ltd,BE,INE319B01014,,local_data_nse_equity_list,2026-04-29
CALSOFT,CALSOFT.NS,California Software Company Limited,EQ,INE526B01014,,local_data_nse_equity_list,2026-04-29
CAMLINFINE,CAMLINFINE.NS,Camlin Fine Sciences Limited,EQ,INE052I01032,,local_data_nse_equity_list,2026-04-29
CAMPUS,CAMPUS.NS,Campus Activewear Limited,EQ,INE278Y01022,,local_data_nse_equity_list,2026-04-29
CAMS,CAMS.NS,Computer Age Management Services Limited,EQ,INE596I01020,,local_data_nse_equity_list,2026-04-29
CANBK,CANBK.NS,Canara Bank,EQ,INE476A01022,,local_data_nse_equity_list,2026-04-29
CANFINHOME,CANFINHOME.NS,Can Fin Homes Limited,EQ,INE477A01020,,local_data_nse_equity_list,2026-04-29
CANHLIFE,CANHLIFE.NS,Canara HSBC Life Insurance Company Limited,EQ,INE01TY01017,,local_data_nse_equity_list,2026-04-29
CANTABIL,CANTABIL.NS,Cantabil Retail India Limited,EQ,INE068L01024,,local_data_nse_equity_list,2026-04-29
CAPACITE,CAPACITE.NS,Capacit'e Infraprojects Limited,EQ,INE264T01014,,local_data_nse_equity_list,2026-04-29
CAPILLARY,CAPILLARY.NS,Capillary Technologies India Limited,EQ,INE0ILV01024,,local_data_nse_equity_list,2026-04-29
CAPITALSFB,CAPITALSFB.NS,Capital Small Finance Bank Limited,EQ,INE646H01017,,local_data_nse_equity_list,2026-04-29
CAPLIPOINT,CAPLIPOINT.NS,Caplin Point Laboratories Limited,EQ,INE475E01026,,local_data_nse_equity_list,2026-04-29
CAPTRUST,CAPTRUST.NS,Capital Trust Limited,BE,INE707C01018,,local_data_nse_equity_list,2026-04-29
CARBORUNIV,CARBORUNIV.NS,Carborundum Universal Limited,EQ,INE120A01034,,local_data_nse_equity_list,2026-04-29
CARERATING,CARERATING.NS,CARE Ratings Limited,EQ,INE752H01013,,local_data_nse_equity_list,2026-04-29
CARRARO,CARRARO.NS,Carraro India Limited,EQ,INE0V7W01012,,local_data_nse_equity_list,2026-04-29
CARTRADE,CARTRADE.NS,Cartrade Tech Limited,EQ,INE290S01011,,local_data_nse_equity_list,2026-04-29
CARYSIL,CARYSIL.NS,CARYSIL LIMITED,EQ,INE482D01024,,local_data_nse_equity_list,2026-04-29
CASTROLIND,CASTROLIND.NS,Castrol India Limited,EQ,INE172A01027,,local_data_nse_equity_list,2026-04-29
CCAVENUE,CCAVENUE.NS,AvenuesAI Limited,EQ,INE483S01020,,local_data_nse_equity_list,2026-04-29
CCCL,CCCL.NS,Consolidated Construction Consortium Limited,EQ,INE429I01024,,local_data_nse_equity_list,2026-04-29
CCHHL,CCHHL.NS,Country Club Hospitality & Holidays Limited,EQ,INE652F01027,,local_data_nse_equity_list,2026-04-29
CCL,CCL.NS,CCL Products (India) Limited,EQ,INE421D01022,,local_data_nse_equity_list,2026-04-29
CDSL,CDSL.NS,Central Depository Services (India) Limited,EQ,INE736A01011,,local_data_nse_equity_list,2026-04-29
CEATLTD,CEATLTD.NS,CEAT Limited,EQ,INE482A01020,,local_data_nse_equity_list,2026-04-29
CEIGALL,CEIGALL.NS,Ceigall India Limited,EQ,INE0AG901020,,local_data_nse_equity_list,2026-04-29
CEINSYS,CEINSYS.NS,Ceinsys Tech Limited,EQ,INE016Q01014,,local_data_nse_equity_list,2026-04-29
CELEBRITY,CELEBRITY.NS,Celebrity Fashions Limited,EQ,INE185H01016,,local_data_nse_equity_list,2026-04-29
CELLO,CELLO.NS,Cello World Limited,EQ,INE0LMW01024,,local_data_nse_equity_list,2026-04-29
CEMPRO,CEMPRO.NS,Cemindia Projects Limited,EQ,INE686A01026,,local_data_nse_equity_list,2026-04-29
CENTENKA,CENTENKA.NS,Century Enka Limited,EQ,INE485A01015,,local_data_nse_equity_list,2026-04-29
CENTEXT,CENTEXT.NS,Century Extrusions Limited,EQ,INE281A01026,,local_data_nse_equity_list,2026-04-29
CENTRALBK,CENTRALBK.NS,Central Bank of India,EQ,INE483A01010,,local_data_nse_equity_list,2026-04-29
CENTRUM,CENTRUM.NS,Centrum Capital Limited,EQ,INE660C01027,,local_data_nse_equity_list,2026-04-29
CENTUM,CENTUM.NS,Centum Electronics Limited,EQ,INE320B01020,,local_data_nse_equity_list,2026-04-29
CENTURYPLY,CENTURYPLY.NS,Century Plyboards (India) Limited,EQ,INE348B01021,,local_data_nse_equity_list,2026-04-29
CERA,CERA.NS,Cera Sanitaryware Limited,EQ,INE739E01017,,local_data_nse_equity_list,2026-04-29
CEREBRAINT,CEREBRAINT.NS,Cerebra Integrated Technologies Limited,BZ,INE345B01019,,local_data_nse_equity_list,2026-04-29
CESC,CESC.NS,CESC Limited,EQ,INE486A01021,,local_data_nse_equity_list,2026-04-29
CEWATER,CEWATER.NS,Concord Enviro Systems Limited,EQ,INE037Z01029,,local_data_nse_equity_list,2026-04-29
CGCL,CGCL.NS,Capri Global Capital Limited,EQ,INE180C01042,,local_data_nse_equity_list,2026-04-29
CGPOWER,CGPOWER.NS,CG Power and Industrial Solutions Limited,EQ,INE067A01029,,local_data_nse_equity_list,2026-04-29
CHALET,CHALET.NS,Chalet Hotels Limited,EQ,INE427F01016,,local_data_nse_equity_list,2026-04-29
CHAMBLFERT,CHAMBLFERT.NS,Chambal Fertilizers & Chemicals Limited,EQ,INE085A01013,,local_data_nse_equity_list,2026-04-29
CHEMBOND,CHEMBOND.NS,Chembond Material Technologies Limited,EQ,INE995D01025,,local_data_nse_equity_list,2026-04-29
CHEMBONDCH,CHEMBONDCH.NS,Chembond Chemicals Limited,EQ,INE0TGX01019,,local_data_nse_equity_list,2026-04-29
CHEMCON,CHEMCON.NS,Chemcon Speciality Chemicals Limited,EQ,INE03YM01018,,local_data_nse_equity_list,2026-04-29
CHEMFAB,CHEMFAB.NS,Chemfab Alkalis Limited,EQ,INE783X01023,,local_data_nse_equity_list,2026-04-29
CHEMPLASTS,CHEMPLASTS.NS,Chemplast Sanmar Limited,EQ,INE488A01050,,local_data_nse_equity_list,2026-04-29
CHENNPETRO,CHENNPETRO.NS,Chennai Petroleum Corporation Limited,EQ,INE178A01016,,local_data_nse_equity_list,2026-04-29
CHEVIOT,CHEVIOT.NS,Cheviot Company Limited,EQ,INE974B01016,,local_data_nse_equity_list,2026-04-29
CHOICEIN,CHOICEIN.NS,Choice International Limited,EQ,INE102B01014,,local_data_nse_equity_list,2026-04-29
CHOLAFIN,CHOLAFIN.NS,Cholamandalam Investment and Finance Company Limited,EQ,INE121A01024,,local_data_nse_equity_list,2026-04-29
CHOLAHLDNG,CHOLAHLDNG.NS,Cholamandalam Financial Holdings Limited,EQ,INE149A01033,,local_data_nse_equity_list,2026-04-29
CIEINDIA,CIEINDIA.NS,CIE Automotive India Limited,EQ,INE536H01010,,local_data_nse_equity_list,2026-04-29
CIFL,CIFL.NS,Capital India Finance Limited,EQ,INE345H01024,,local_data_nse_equity_list,2026-04-29
CIGNITITEC,CIGNITITEC.NS,Cigniti Technologies Limited,EQ,INE675C01017,,local_data_nse_equity_list,2026-04-29
CINELINE,CINELINE.NS,Cineline India Limited,EQ,INE704H01022,,local_data_nse_equity_list,2026-04-29
CINEVISTA,CINEVISTA.NS,Cinevista Limited,EQ,INE039B01026,,local_data_nse_equity_list,2026-04-29
CIPLA,CIPLA.NS,Cipla Limited,EQ,INE059A01026,,local_data_nse_equity_list,2026-04-29
CLEAN,CLEAN.NS,Clean Science and Technology Limited,EQ,INE227W01023,,local_data_nse_equity_list,2026-04-29
CLEANMAX,CLEANMAX.NS,Clean Max Enviro Energy Solutions Limited,EQ,INE647U01026,,local_data_nse_equity_list,2026-04-29
CLEDUCATE,CLEDUCATE.NS,CL Educate Limited,BE,INE201M01029,,local_data_nse_equity_list,2026-04-29
CLSEL,CLSEL.NS,Chaman Lal Setia Exports Limited,EQ,INE419D01026,,local_data_nse_equity_list,2026-04-29
CMPDI,CMPDI.NS,Central Mine Planning & Design Institute Limited,EQ,INE05HV01027,,local_data_nse_equity_list,2026-04-29
CMSINFO,CMSINFO.NS,CMS Info Systems Limited,EQ,INE925R01014,,local_data_nse_equity_list,2026-04-29
CNL,CNL.NS,Creative Newtech Limited,EQ,INE985W01018,,local_data_nse_equity_list,2026-04-29
COALINDIA,COALINDIA.NS,Coal India Limited,EQ,INE522F01014,,local_data_nse_equity_list,2026-04-29
COASTCORP,COASTCORP.NS,Coastal Corporation Limited,EQ,INE377E01024,,local_data_nse_equity_list,2026-04-29
COCHINSHIP,COCHINSHIP.NS,Cochin Shipyard Limited,EQ,INE704P01025,,local_data_nse_equity_list,2026-04-29
COCKERILL,COCKERILL.NS,John Cockerill India Limited,EQ,INE515A01019,,local_data_nse_equity_list,2026-04-29
COFFEEDAY,COFFEEDAY.NS,Coffee Day Enterprises Limited,EQ,INE335K01011,,local_data_nse_equity_list,2026-04-29
COFORGE,COFORGE.NS,Coforge Limited,EQ,INE591G01025,,local_data_nse_equity_list,2026-04-29
COHANCE,COHANCE.NS,Cohance Lifesciences Limited,EQ,INE03QK01018,,local_data_nse_equity_list,2026-04-29
COLPAL,COLPAL.NS,Colgate Palmolive (India) Limited,EQ,INE259A01022,,local_data_nse_equity_list,2026-04-29
COMFINTE,COMFINTE.NS,Comfort Intech Limited,EQ,INE819A01049,,local_data_nse_equity_list,2026-04-29
COMPINFO,COMPINFO.NS,Compuage Infocom Limited,BZ,INE070C01037,,local_data_nse_equity_list,2026-04-29
COMPUSOFT,COMPUSOFT.NS,Compucom Software Limited,EQ,INE453B01029,,local_data_nse_equity_list,2026-04-29
COMSYN,COMSYN.NS,Commercial Syn Bags Limited,EQ,INE073V01015,,local_data_nse_equity_list,2026-04-29
CONCOR,CONCOR.NS,Container Corporation of India Limited,EQ,INE111A01025,,local_data_nse_equity_list,2026-04-29
CONCORDBIO,CONCORDBIO.NS,Concord Biotech Limited,EQ,INE338H01029,,local_data_nse_equity_list,2026-04-29
CONFIPET,CONFIPET.NS,Confidence Petroleum India Limited,EQ,INE552D01024,,local_data_nse_equity_list,2026-04-29
CONSOFINVT,CONSOFINVT.NS,Consolidated Finvest & Holdings Limited,BE,INE025A01027,,local_data_nse_equity_list,2026-04-29
CONTROLPR,CONTROLPR.NS,Control Print Limited,EQ,INE663B01015,,local_data_nse_equity_list,2026-04-29
CORALFINAC,CORALFINAC.NS,Coral India Finance & Housing Limited,EQ,INE558D01021,,local_data_nse_equity_list,2026-04-29
CORDSCABLE,CORDSCABLE.NS,Cords Cable Industries Limited,EQ,INE792I01017,,local_data_nse_equity_list,2026-04-29
COROMANDEL,COROMANDEL.NS,Coromandel International Limited,EQ,INE169A01031,,local_data_nse_equity_list,2026-04-29
CORONA,CORONA.NS,CORONA Remedies Limited,EQ,INE02ZQ01018,,local_data_nse_equity_list,2026-04-29
COSMOFIRST,COSMOFIRST.NS,COSMO FIRST LIMITED,EQ,INE757A01017,,local_data_nse_equity_list,2026-04-29
COUNCODOS,COUNCODOS.NS,Country Condo's Limited,EQ,INE695B01025,,local_data_nse_equity_list,2026-04-29
CPCAP,CPCAP.NS,CP Capital Limited,EQ,INE521J01018,,local_data_nse_equity_list,2026-04-29
CPEDU,CPEDU.NS,Career Point Edutech Limited,EQ,INE0P6P01016,,local_data_nse_equity_list,2026-04-29
CPPLUS,CPPLUS.NS,Aditya Infotech Limited,EQ,INE819V01029,,local_data_nse_equity_list,2026-04-29
CRAFTSMAN,CRAFTSMAN.NS,Craftsman Automation Limited,EQ,INE00LO01017,,local_data_nse_equity_list,2026-04-29
CRAMC,CRAMC.NS,Canara Robeco Asset Management Company Limited,EQ,INE218I01013,,local_data_nse_equity_list,2026-04-29
CREATIVEYE,CREATIVEYE.NS,Creative Eye Limited,EQ,INE230B01021,,local_data_nse_equity_list,2026-04-29
CREDITACC,CREDITACC.NS,CREDITACCESS GRAMEEN LIMITED,EQ,INE741K01010,,local_data_nse_equity_list,2026-04-29
CREST,CREST.NS,Crest Ventures Limited,EQ,INE559D01011,,local_data_nse_equity_list,2026-04-29
CRISIL,CRISIL.NS,CRISIL Limited,EQ,INE007A01025,,local_data_nse_equity_list,2026-04-29
CRIZAC,CRIZAC.NS,Crizac Limited,EQ,INE0S4R01014,,local_data_nse_equity_list,2026-04-29
CROMPTON,CROMPTON.NS,Crompton Greaves Consumer Electricals Limited,EQ,INE299U01018,,local_data_nse_equity_list,2026-04-29
CROWN,CROWN.NS,Crown Lifters Limited,EQ,INE491V01019,,local_data_nse_equity_list,2026-04-29
CSBBANK,CSBBANK.NS,CSB Bank Limited,EQ,INE679A01013,,local_data_nse_equity_list,2026-04-29
CSLFINANCE,CSLFINANCE.NS,CSL Finance Limited,EQ,INE718F01018,,local_data_nse_equity_list,2026-04-29
CTE,CTE.NS,Cambridge Technology Enterprises Limited,BE,INE627H01017,,local_data_nse_equity_list,2026-04-29
CUB,CUB.NS,City Union Bank Limited,EQ,INE491A01021,,local_data_nse_equity_list,2026-04-29
CUBEXTUB,CUBEXTUB.NS,Cubex Tubings Limited,EQ,INE144D01012,,local_data_nse_equity_list,2026-04-29
CUMMINSIND,CUMMINSIND.NS,Cummins India Limited,EQ,INE298A01020,,local_data_nse_equity_list,2026-04-29
CUPID,CUPID.NS,Cupid Limited,EQ,INE509F01029,,local_data_nse_equity_list,2026-04-29
CURAA,CURAA.NS,Cura Technologies Limited,BE,INE117B01020,,local_data_nse_equity_list,2026-04-29
CYBERMEDIA,CYBERMEDIA.NS,Cyber Media (India) Limited,EQ,INE278G01037,,local_data_nse_equity_list,2026-04-29
CYBERTECH,CYBERTECH.NS,Cybertech Systems And Software Limited,EQ,INE214A01019,,local_data_nse_equity_list,2026-04-29
CYIENT,CYIENT.NS,Cyient Limited,EQ,INE136B01020,,local_data_nse_equity_list,2026-04-29
CYIENTDLM,CYIENTDLM.NS,Cyient DLM Limited,EQ,INE055S01018,,local_data_nse_equity_list,2026-04-29
DABUR,DABUR.NS,Dabur India Limited,EQ,INE016A01026,,local_data_nse_equity_list,2026-04-29
DAICHI,DAICHI.NS,Dai-Ichi Karkaria Limited,EQ,INE928C01010,,local_data_nse_equity_list,2026-04-29
DALBHARAT,DALBHARAT.NS,Dalmia Bharat Limited,EQ,INE00R701025,,local_data_nse_equity_list,2026-04-29
DALMIASUG,DALMIASUG.NS,Dalmia Bharat Sugar and Industries Limited,EQ,INE495A01022,,local_data_nse_equity_list,2026-04-29
DAMCAPITAL,DAMCAPITAL.NS,Dam Capital Advisors Limited,EQ,INE284H01025,,local_data_nse_equity_list,2026-04-29
DAMODARIND,DAMODARIND.NS,Damodar Industries Limited,EQ,INE497D01022,,local_data_nse_equity_list,2026-04-29
DANGEE,DANGEE.NS,Dangee Dums Limited,EQ,INE688Y01022,,local_data_nse_equity_list,2026-04-29
DATAMATICS,DATAMATICS.NS,Datamatics Global Services Limited,EQ,INE365B01017,,local_data_nse_equity_list,2026-04-29
DATAPATTNS,DATAPATTNS.NS,Data Patterns (India) Limited,EQ,INE0IX101010,,local_data_nse_equity_list,2026-04-29
DAVANGERE,DAVANGERE.NS,Davangere Sugar Company Limited,EQ,INE179G01029,,local_data_nse_equity_list,2026-04-29
DBCORP,DBCORP.NS,D.B.Corp Limited,EQ,INE950I01011,,local_data_nse_equity_list,2026-04-29
DBEIL,DBEIL.NS,Deepak Builders & Engineers India Limited,EQ,INE0OPA01019,,local_data_nse_equity_list,2026-04-29
DBL,DBL.NS,Dilip Buildcon Limited,EQ,INE917M01012,,local_data_nse_equity_list,2026-04-29
DBOL,DBOL.NS,Dhampur Bio Organics Limited,BE,INE0I3401014,,local_data_nse_equity_list,2026-04-29
DBREALTY,DBREALTY.NS,Valor Estate Limited,EQ,INE879I01012,,local_data_nse_equity_list,2026-04-29
DBSTOCKBRO,DBSTOCKBRO.NS,DB (International) Stock Brokers Limited,EQ,INE921B01025,,local_data_nse_equity_list,2026-04-29
DCAL,DCAL.NS,Dishman Carbogen Amcis Limited,EQ,INE385W01011,,local_data_nse_equity_list,2026-04-29
DCBBANK,DCBBANK.NS,DCB Bank Limited,EQ,INE503A01015,,local_data_nse_equity_list,2026-04-29
DCI,DCI.NS,Dc Infotech And Communication Limited,BE,INE0A1101019,,local_data_nse_equity_list,2026-04-29
DCM,DCM.NS,DCM  Limited,EQ,INE498A01018,,local_data_nse_equity_list,2026-04-29
DCMFINSERV,DCMFINSERV.NS,DCM Financial Services Limited,BE,INE891B01012,,local_data_nse_equity_list,2026-04-29
DCMNVL,DCMNVL.NS,DCM Nouvelle Limited,EQ,INE08KP01019,,local_data_nse_equity_list,2026-04-29
DCMSHRIRAM,DCMSHRIRAM.NS,DCM Shriram Limited,EQ,INE499A01024,,local_data_nse_equity_list,2026-04-29
DCMSIL,DCMSIL.NS,DCM Shriram International Limited,BE,INE0OU201013,,local_data_nse_equity_list,2026-04-29
DCMSRIND,DCMSRIND.NS,DCM Shriram Industries Limited,EQ,INE843D01027,,local_data_nse_equity_list,2026-04-29
DCW,DCW.NS,DCW Limited,EQ,INE500A01029,,local_data_nse_equity_list,2026-04-29
DCXINDIA,DCXINDIA.NS,DCX Systems Limited,EQ,INE0KL801015,,local_data_nse_equity_list,2026-04-29
DDEVPLSTIK,DDEVPLSTIK.NS,Ddev Plastiks Industries Limited,EQ,INE0HR601026,,local_data_nse_equity_list,2026-04-29
DECCANCE,DECCANCE.NS,Deccan Cements Limited,EQ,INE583C01021,,local_data_nse_equity_list,2026-04-29
DECNGOLD,DECNGOLD.NS,Deccan Gold Mines Limited,EQ,INE945F01025,,local_data_nse_equity_list,2026-04-29
DEEDEV,DEEDEV.NS,DEE Development Engineers Limited,EQ,INE841L01016,,local_data_nse_equity_list,2026-04-29
DEEPAKFERT,DEEPAKFERT.NS,Deepak Fertilizers and Petrochemicals Corporation Limited,EQ,INE501A01019,,local_data_nse_equity_list,2026-04-29
DEEPAKNTR,DEEPAKNTR.NS,Deepak Nitrite Limited,EQ,INE288B01029,,local_data_nse_equity_list,2026-04-29
DEEPINDS,DEEPINDS.NS,Deep Industries Limited,EQ,INE0FHS01024,,local_data_nse_equity_list,2026-04-29
DELHIVERY,DELHIVERY.NS,Delhivery Limited,EQ,INE148O01028,,local_data_nse_equity_list,2026-04-29
DELPHIFX,DELPHIFX.NS,DELPHI WORLD MONEY LIMITED,EQ,INE726L01027,,local_data_nse_equity_list,2026-04-29
DELTACORP,DELTACORP.NS,Delta Corp Limited,EQ,INE124G01033,,local_data_nse_equity_list,2026-04-29
DELTAMAGNT,DELTAMAGNT.NS,Delta Manufacturing Limited,EQ,INE393A01011,,local_data_nse_equity_list,2026-04-29
DEN,DEN.NS,Den Networks Limited,EQ,INE947J01015,,local_data_nse_equity_list,2026-04-29
DENORA,DENORA.NS,De Nora India Limited,EQ,INE244A01016,,local_data_nse_equity_list,2026-04-29
DENTA,DENTA.NS,Denta Water and Infra Solutions Limited,EQ,INE0R4L01018,,local_data_nse_equity_list,2026-04-29
DEVIT,DEVIT.NS,Dev Information Technology Limited,EQ,INE060X01034,,local_data_nse_equity_list,2026-04-29
DEVX,DEVX.NS,Dev Accelerator Limited,EQ,INE0VOV01021,,local_data_nse_equity_list,2026-04-29
DEVYANI,DEVYANI.NS,Devyani International Limited,EQ,INE872J01023,,local_data_nse_equity_list,2026-04-29
DGCONTENT,DGCONTENT.NS,Digicontent Limited,EQ,INE03JI01017,,local_data_nse_equity_list,2026-04-29
DHAMPURSUG,DHAMPURSUG.NS,Dhampur Sugar Mills Limited,EQ,INE041A01016,,local_data_nse_equity_list,2026-04-29
DHANBANK,DHANBANK.NS,Dhanlaxmi Bank Limited,EQ,INE680A01011,,local_data_nse_equity_list,2026-04-29
DHANUKA,DHANUKA.NS,Dhanuka Agritech Limited,EQ,INE435G01025,,local_data_nse_equity_list,2026-04-29
DHARMAJ,DHARMAJ.NS,Dharmaj Crop Guard Limited,EQ,INE00OQ01016,,local_data_nse_equity_list,2026-04-29
DHRUV,DHRUV.NS,Dhruv Consultancy Services Limited,EQ,INE506Z01015,,local_data_nse_equity_list,2026-04-29
DHUNINV,DHUNINV.NS,Dhunseri Investments Limited,EQ,INE320L01011,,local_data_nse_equity_list,2026-04-29
DIACABS,DIACABS.NS,Diamond Power Infrastructure Limited,EQ,INE989C01038,,local_data_nse_equity_list,2026-04-29
DIAMINESQ,DIAMINESQ.NS,Diamines & Chemicals Limited,EQ,INE591D01014,,local_data_nse_equity_list,2026-04-29
DIAMONDYD,DIAMONDYD.NS,Prataap Snacks Limited,EQ,INE393P01035,,local_data_nse_equity_list,2026-04-29
DICIND,DICIND.NS,DIC India Limited,EQ,INE303A01010,,local_data_nse_equity_list,2026-04-29
DIFFNKG,DIFFNKG.NS,Diffusion Engineers Limited,EQ,INE184O01015,,local_data_nse_equity_list,2026-04-29
DIGIDRIVE,DIGIDRIVE.NS,Digidrive Distributors Limited,EQ,INE0PSC01024,,local_data_nse_equity_list,2026-04-29
DIGISPICE,DIGISPICE.NS,DiGiSPICE Technologies Limited,EQ,INE927C01020,,local_data_nse_equity_list,2026-04-29
DIGITIDE,DIGITIDE.NS,Digitide Solutions Limited,EQ,INE0U4701011,,local_data_nse_equity_list,2026-04-29
DIGJAMLMTD,DIGJAMLMTD.NS,Digjam Limited,EQ,INE731U01028,,local_data_nse_equity_list,2026-04-29
DISAQ,DISAQ.NS,Disa India Limited,EQ,INE131C01011,,local_data_nse_equity_list,2026-04-29
DISHTV,DISHTV.NS,Dish TV India Limited,BE,INE836F01026,,local_data_nse_equity_list,2026-04-29
DIVGIITTS,DIVGIITTS.NS,Divgi Torqtransfer Systems Limited,EQ,INE753U01022,,local_data_nse_equity_list,2026-04-29
DIVISLAB,DIVISLAB.NS,Divi's Laboratories Limited,EQ,INE361B01024,,local_data_nse_equity_list,2026-04-29
DIXON,DIXON.NS,Dixon Technologies (India) Limited,EQ,INE935N01020,,local_data_nse_equity_list,2026-04-29
DJML,DJML.NS,DJ Mediaprint & Logistics Limited,BE,INE0B1K01014,,local_data_nse_equity_list,2026-04-29
DLF,DLF.NS,DLF Limited,EQ,INE271C01023,,local_data_nse_equity_list,2026-04-29
DLINKINDIA,DLINKINDIA.NS,D-Link (India) Limited,EQ,INE250K01012,,local_data_nse_equity_list,2026-04-29
DMART,DMART.NS,Avenue Supermarts Limited,EQ,INE192R01011,,local_data_nse_equity_list,2026-04-29
DMCC,DMCC.NS,DMCC SPECIALITY CHEMICALS LIMITED,EQ,INE505A01010,,local_data_nse_equity_list,2026-04-29
DNAMEDIA,DNAMEDIA.NS,Diligent Media Corporation Limited,EQ,INE016M01021,,local_data_nse_equity_list,2026-04-29
DODLA,DODLA.NS,Dodla Dairy Limited,EQ,INE021O01019,,local_data_nse_equity_list,2026-04-29
DOLATALGO,DOLATALGO.NS,Dolat Algotech Limited,EQ,INE966A01022,,local_data_nse_equity_list,2026-04-29
DOLLAR,DOLLAR.NS,Dollar Industries Limited,EQ,INE325C01035,,local_data_nse_equity_list,2026-04-29
DOLPHIN,DOLPHIN.NS,Dolphin Offshore Enterprises (India) Limited,EQ,INE920A01037,,local_data_nse_equity_list,2026-04-29
DOMS,DOMS.NS,DOMS Industries Limited,EQ,INE321T01012,,local_data_nse_equity_list,2026-04-29
DONEAR,DONEAR.NS,Donear Industries Limited,EQ,INE668D01028,,local_data_nse_equity_list,2026-04-29
DPABHUSHAN,DPABHUSHAN.NS,D. P. Abhushan Limited,EQ,INE266Y01019,,local_data_nse_equity_list,2026-04-29
DPSCLTD,DPSCLTD.NS,DPSC Limited,EQ,INE360C01024,,local_data_nse_equity_list,2026-04-29
DPWIRES,DPWIRES.NS,D P Wires Limited,EQ,INE864X01013,,local_data_nse_equity_list,2026-04-29
DRAGARWQ,DRAGARWQ.NS,Dr Agarwals Eye Hospital Limited,EQ,INE934C01018,,local_data_nse_equity_list,2026-04-29
DRCSYSTEMS,DRCSYSTEMS.NS,DRC Systems India Limited,EQ,INE03RS01027,,local_data_nse_equity_list,2026-04-29
DREAMFOLKS,DREAMFOLKS.NS,Dreamfolks Services Limited,EQ,INE0JS101016,,local_data_nse_equity_list,2026-04-29
DREDGECORP,DREDGECORP.NS,Dredging Corporation of India Limited,EQ,INE506A01018,,local_data_nse_equity_list,2026-04-29
DRREDDY,DRREDDY.NS,Dr. Reddy's Laboratories Limited,EQ,INE089A01031,,local_data_nse_equity_list,2026-04-29
DSFCL,DSFCL.NS,DCM Shriram Fine Chemicals Limited,EQ,INE0OFM01015,,local_data_nse_equity_list,2026-04-29
DSSL,DSSL.NS,Dynacons Systems & Solutions Limited,EQ,INE417B01040,,local_data_nse_equity_list,2026-04-29
DTIL,DTIL.NS,Dhunseri Tea & Industries Limited,EQ,INE341R01014,,local_data_nse_equity_list,2026-04-29
DUCON,DUCON.NS,Ducon Infratechnologies Limited,BE,INE741L01018,,local_data_nse_equity_list,2026-04-29
DVL,DVL.NS,Dhunseri Ventures Limited,EQ,INE477B01010,,local_data_nse_equity_list,2026-04-29
DWARKESH,DWARKESH.NS,Dwarikesh Sugar Industries Limited,EQ,INE366A01041,,local_data_nse_equity_list,2026-04-29
DYCL,DYCL.NS,Dynamic Cables Limited,EQ,INE600Y01019,,local_data_nse_equity_list,2026-04-29
DYNAMATECH,DYNAMATECH.NS,Dynamatic Technologies Limited,EQ,INE221B01012,,local_data_nse_equity_list,2026-04-29
DYNPRO,DYNPRO.NS,Dynemic Products Limited,EQ,INE256H01015,,local_data_nse_equity_list,2026-04-29
E2E,E2E.NS,E2E Networks Limited,BE,INE255Z01019,,local_data_nse_equity_list,2026-04-29
EASEMYTRIP,EASEMYTRIP.NS,Easy Trip Planners Limited,EQ,INE07O001026,,local_data_nse_equity_list,2026-04-29
EASTSILK,EASTSILK.NS,Eastern Silk Industries Limited,BE,INE962C01035,,local_data_nse_equity_list,2026-04-29
EBGNG,EBGNG.NS,GNG Electronics Limited,EQ,INE18JU01028,,local_data_nse_equity_list,2026-04-29
ECLERX,ECLERX.NS,eClerx Services Limited,EQ,INE738I01010,,local_data_nse_equity_list,2026-04-29
ECOSMOBLTY,ECOSMOBLTY.NS,Ecos (India) Mobility & Hospitality Limited,EQ,INE06HJ01020,,local_data_nse_equity_list,2026-04-29
EDELWEISS,EDELWEISS.NS,Edelweiss Financial Services Limited,EQ,INE532F01054,,local_data_nse_equity_list,2026-04-29
EFCIL,EFCIL.NS,EFC (I) Limited,EQ,INE886D01026,,local_data_nse_equity_list,2026-04-29
EICHERMOT,EICHERMOT.NS,Eicher Motors Limited,EQ,INE066A01021,,local_data_nse_equity_list,2026-04-29
EIDPARRY,EIDPARRY.NS,EID Parry India Limited,EQ,INE126A01031,,local_data_nse_equity_list,2026-04-29
EIEL,EIEL.NS,Enviro Infra Engineers Limited,EQ,INE0LLY01014,,local_data_nse_equity_list,2026-04-29
EIFFL,EIFFL.NS,Euro India Fresh Foods Limited,EQ,INE546V01010,,local_data_nse_equity_list,2026-04-29
EIHAHOTELS,EIHAHOTELS.NS,EIH Associated Hotels Limited,EQ,INE276C01014,,local_data_nse_equity_list,2026-04-29
EIHOTEL,EIHOTEL.NS,EIH Limited,EQ,INE230A01023,,local_data_nse_equity_list,2026-04-29
EIMCOELECO,EIMCOELECO.NS,Eimco Elecon (India) Limited,EQ,INE158B01016,,local_data_nse_equity_list,2026-04-29
EKC,EKC.NS,Everest Kanto Cylinder Limited,EQ,INE184H01027,,local_data_nse_equity_list,2026-04-29
ELANTAS,ELANTAS.NS,Elantas Beck India Limited,EQ,INE280B01018,,local_data_nse_equity_list,2026-04-29
ELCIDIN,ELCIDIN.NS,EL CID Investments Limited,EQ,INE927X01018,,local_data_nse_equity_list,2026-04-29
ELDEHSG,ELDEHSG.NS,Eldeco Housing And Industries Limited,EQ,INE668G01021,,local_data_nse_equity_list,2026-04-29
ELECON,ELECON.NS,Elecon Engineering Company Limited,EQ,INE205B01031,,local_data_nse_equity_list,2026-04-29
ELECTCAST,ELECTCAST.NS,Electrosteel Castings Limited,EQ,INE086A01029,,local_data_nse_equity_list,2026-04-29
ELECTHERM,ELECTHERM.NS,Electrotherm (India) Limited,EQ,INE822G01016,,local_data_nse_equity_list,2026-04-29
ELGIEQUIP,ELGIEQUIP.NS,Elgi Equipments Limited,EQ,INE285A01027,,local_data_nse_equity_list,2026-04-29
ELGIRUBCO,ELGIRUBCO.NS,Elgi Rubber Company Limited,EQ,INE819L01012,,local_data_nse_equity_list,2026-04-29
ELIN,ELIN.NS,Elin Electronics Limited,EQ,INE050401020,,local_data_nse_equity_list,2026-04-29
ELITECON,ELITECON.NS,Elitecon International Limited,EQ,INE669R01026,,local_data_nse_equity_list,2026-04-29
ELLEN,ELLEN.NS,Ellenbarrie Industrial Gases Limited,EQ,INE236E01022,,local_data_nse_equity_list,2026-04-29
ELPROINTL,ELPROINTL.NS,Elpro International Limited,EQ,INE579B01039,,local_data_nse_equity_list,2026-04-29
EMAMILTD,EMAMILTD.NS,Emami Limited,EQ,INE548C01032,,local_data_nse_equity_list,2026-04-29
EMAMIPAP,EMAMIPAP.NS,Emami Paper Mills Limited,EQ,INE830C01026,,local_data_nse_equity_list,2026-04-29
EMAMIREAL,EMAMIREAL.NS,Emami Realty Limited,EQ,INE778K01012,,local_data_nse_equity_list,2026-04-29
EMCURE,EMCURE.NS,Emcure Pharmaceuticals Limited,EQ,INE168P01015,,local_data_nse_equity_list,2026-04-29
EMIL,EMIL.NS,Electronics Mart India Limited,EQ,INE02YR01019,,local_data_nse_equity_list,2026-04-29
EMKAY,EMKAY.NS,Emkay Global Financial Services Limited,EQ,INE296H01011,,local_data_nse_equity_list,2026-04-29
EMMBI,EMMBI.NS,Emmbi Industries Limited,EQ,INE753K01015,,local_data_nse_equity_list,2026-04-29
EMMVEE,EMMVEE.NS,Emmvee Photovoltaic Power Limited,EQ,INE1C6T01020,,local_data_nse_equity_list,2026-04-29
EMPOWER,EMPOWER.NS,Empower India Limited,EQ,INE507F01023,,local_data_nse_equity_list,2026-04-29
EMSLIMITED,EMSLIMITED.NS,EMS Limited,EQ,INE0OV601013,,local_data_nse_equity_list,2026-04-29
EMUDHRA,EMUDHRA.NS,eMudhra Limited,EQ,INE01QM01018,,local_data_nse_equity_list,2026-04-29
ENDURANCE,ENDURANCE.NS,Endurance Technologies Limited,EQ,INE913H01037,,local_data_nse_equity_list,2026-04-29
ENERGYDEV,ENERGYDEV.NS,Energy Development Company Limited,EQ,INE306C01019,,local_data_nse_equity_list,2026-04-29
ENGINERSIN,ENGINERSIN.NS,Engineers India Limited,EQ,INE510A01028,,local_data_nse_equity_list,2026-04-29
ENIL,ENIL.NS,Entertainment Network (India) Limited,EQ,INE265F01028,,local_data_nse_equity_list,2026-04-29
ENRIN,ENRIN.NS,Siemens Energy India Limited,EQ,INE1NPP01017,,local_data_nse_equity_list,2026-04-29
ENTERO,ENTERO.NS,Entero Healthcare Solutions Limited,EQ,INE010601016,,local_data_nse_equity_list,2026-04-29
EPACK,EPACK.NS,EPACK Durable Limited,EQ,INE0G5901015,,local_data_nse_equity_list,2026-04-29
EPACKPEB,EPACKPEB.NS,EPack Prefab Technologies Limited,EQ,INE0MLS01022,,local_data_nse_equity_list,2026-04-29
EPIGRAL,EPIGRAL.NS,Epigral Limited,EQ,INE071N01016,,local_data_nse_equity_list,2026-04-29
EPL,EPL.NS,EPL Limited,EQ,INE255A01020,,local_data_nse_equity_list,2026-04-29
EQUIPPP,EQUIPPP.NS,Equippp Social Impact Technologies Limited,BE,INE217G01035,,local_data_nse_equity_list,2026-04-29
EQUITASBNK,EQUITASBNK.NS,Equitas Small Finance Bank Limited,EQ,INE063P01018,,local_data_nse_equity_list,2026-04-29
ERIS,ERIS.NS,Eris Lifesciences Limited,EQ,INE406M01024,,local_data_nse_equity_list,2026-04-29
ESABINDIA,ESABINDIA.NS,Esab India Limited,EQ,INE284A01012,,local_data_nse_equity_list,2026-04-29
ESAFSFB,ESAFSFB.NS,ESAF Small Finance Bank Limited,EQ,INE818W01011,,local_data_nse_equity_list,2026-04-29
ESCORTS,ESCORTS.NS,Escorts Kubota Limited,EQ,INE042A01014,,local_data_nse_equity_list,2026-04-29
ESSARSHPNG,ESSARSHPNG.NS,Essar Shipping Limited,EQ,INE122M01019,,local_data_nse_equity_list,2026-04-29
ESSENTIA,ESSENTIA.NS,Integra Essentia Limited,EQ,INE418N01035,,local_data_nse_equity_list,2026-04-29
ESTER,ESTER.NS,Ester Industries Limited,EQ,INE778B01029,,local_data_nse_equity_list,2026-04-29
ETERNAL,ETERNAL.NS,ETERNAL LIMITED,EQ,INE758T01015,,local_data_nse_equity_list,2026-04-29
ETHOSLTD,ETHOSLTD.NS,Ethos Limited,EQ,INE04TZ01018,,local_data_nse_equity_list,2026-04-29
EUREKAFORB,EUREKAFORB.NS,Eureka Forbes Limited,EQ,INE0KCE01017,,local_data_nse_equity_list,2026-04-29
EUROBOND,EUROBOND.NS,Euro Panel Products Limited,EQ,INE505V01016,,local_data_nse_equity_list,2026-04-29
EUROPRATIK,EUROPRATIK.NS,Euro Pratik Sales Limited,EQ,INE198501012,,local_data_nse_equity_list,2026-04-29
EUROTEXIND,EUROTEXIND.NS,Eurotex Industries and Exports Limited,EQ,INE022C01012,,local_data_nse_equity_list,2026-04-29
EVEREADY,EVEREADY.NS,Eveready Industries India Limited,EQ,INE128A01029,,local_data_nse_equity_list,2026-04-29
EVERESTIND,EVERESTIND.NS,Everest Industries Limited,EQ,INE295A01018,,local_data_nse_equity_list,2026-04-29
EXCELINDUS,EXCELINDUS.NS,Excel Industries Limited,EQ,INE369A01029,,local_data_nse_equity_list,2026-04-29
EXCELSOFT,EXCELSOFT.NS,Excelsoft Technologies Limited,EQ,INE606N01019,,local_data_nse_equity_list,2026-04-29
EXICOM,EXICOM.NS,Exicom Tele-Systems Limited,EQ,INE777F01014,,local_data_nse_equity_list,2026-04-29
EXIDEIND,EXIDEIND.NS,Exide Industries Limited,EQ,INE302A01020,,local_data_nse_equity_list,2026-04-29
EXPLEOSOL,EXPLEOSOL.NS,Expleo Solutions Limited,EQ,INE201K01015,,local_data_nse_equity_list,2026-04-29
EXXARO,EXXARO.NS,Exxaro Tiles Limited,EQ,INE0GFE01026,,local_data_nse_equity_list,2026-04-29
FABTECH,FABTECH.NS,Fabtech Technologies Limited,EQ,INE0HF201011,,local_data_nse_equity_list,2026-04-29
FACT,FACT.NS,Fertilizers and Chemicals Travancore Limited,EQ,INE188A01015,,local_data_nse_equity_list,2026-04-29
FAIRCHEMOR,FAIRCHEMOR.NS,Fairchem Organics Limited,EQ,INE0DNW01011,,local_data_nse_equity_list,2026-04-29
FAZE3Q,FAZE3Q.NS,Faze Three Limited,BE,INE963C01033,,local_data_nse_equity_list,2026-04-29
FCL,FCL.NS,Fineotex Chemical Limited,EQ,INE045J01034,,local_data_nse_equity_list,2026-04-29
FCSSOFT,FCSSOFT.NS,FCS Software Solutions Limited,BE,INE512B01022,,local_data_nse_equity_list,2026-04-29
FDC,FDC.NS,FDC Limited,EQ,INE258B01022,,local_data_nse_equity_list,2026-04-29
FEDDERSHOL,FEDDERSHOL.NS,Fedders Holding Limited,EQ,INE417D01020,,local_data_nse_equity_list,2026-04-29
FEDERALBNK,FEDERALBNK.NS,The Federal Bank  Limited,EQ,INE171A01029,,local_data_nse_equity_list,2026-04-29
FEDFINA,FEDFINA.NS,Fedbank Financial Services Limited,EQ,INE007N01010,,local_data_nse_equity_list,2026-04-29
FEL,FEL.NS,Future Enterprises Limited,BZ,INE623B01027,,local_data_nse_equity_list,2026-04-29
FELDVR,FELDVR.NS,Future Enterprises Limited,BZ,IN9623B01058,,local_data_nse_equity_list,2026-04-29
FERMENTA,FERMENTA.NS,Fermenta Biotech Limited,EQ,INE225B01021,,local_data_nse_equity_list,2026-04-29
FIBERWEB,FIBERWEB.NS,Fiberweb (India) Limited,BE,INE296C01020,,local_data_nse_equity_list,2026-04-29
FIEMIND,FIEMIND.NS,Fiem Industries Limited,EQ,INE737H01014,,local_data_nse_equity_list,2026-04-29
FILATEX,FILATEX.NS,Filatex India Limited,EQ,INE816B01035,,local_data_nse_equity_list,2026-04-29
FILATFASH,FILATFASH.NS,Filatex Fashions Limited,BE,INE185E01021,,local_data_nse_equity_list,2026-04-29
FINCABLES,FINCABLES.NS,Finolex Cables Limited,EQ,INE235A01022,,local_data_nse_equity_list,2026-04-29
FINEORG,FINEORG.NS,Fine Organic Industries Limited,EQ,INE686Y01026,,local_data_nse_equity_list,2026-04-29
FINKURVE,FINKURVE.NS,Finkurve Financial Services Limited,EQ,INE734I01027,,local_data_nse_equity_list,2026-04-29
FINOPB,FINOPB.NS,Fino Payments Bank Limited,EQ,INE02NC01014,,local_data_nse_equity_list,2026-04-29
FINPIPE,FINPIPE.NS,Finolex Industries Limited,EQ,INE183A01024,,local_data_nse_equity_list,2026-04-29
FIRSTCRY,FIRSTCRY.NS,Brainbees Solutions Limited,EQ,INE02RE01045,,local_data_nse_equity_list,2026-04-29
FISCHER,FISCHER.NS,Fischer Medical Ventures Limited,EQ,INE771F01041,,local_data_nse_equity_list,2026-04-29
FIVESTAR,FIVESTAR.NS,Five-Star Business Finance Limited,EQ,INE128S01021,,local_data_nse_equity_list,2026-04-29
FLAIR,FLAIR.NS,Flair Writing Industries Limited,EQ,INE00Y201027,,local_data_nse_equity_list,2026-04-29
FLEXITUFF,FLEXITUFF.NS,Flexituff Ventures International Limited,EQ,INE060J01017,,local_data_nse_equity_list,2026-04-29
FLFL,FLFL.NS,Future Lifestyle Fashions Limited,BZ,INE452O01016,,local_data_nse_equity_list,2026-04-29
FLUOROCHEM,FLUOROCHEM.NS,Gujarat Fluorochemicals Limited,EQ,INE09N301011,,local_data_nse_equity_list,2026-04-29
FMGOETZE,FMGOETZE.NS,Federal-Mogul Goetze (India) Limited.,EQ,INE529A01010,,local_data_nse_equity_list,2026-04-29
FMNL,FMNL.NS,Future Market Networks Limited,EQ,INE360L01017,,local_data_nse_equity_list,2026-04-29
FOCUS,FOCUS.NS,Focus Lighting and Fixtures Limited,EQ,INE593W01028,,local_data_nse_equity_list,2026-04-29
FOODSIN,FOODSIN.NS,Foods & Inns Limited,EQ,INE976E01023,,local_data_nse_equity_list,2026-04-29
FORCEMOT,FORCEMOT.NS,FORCE MOTORS LTD,EQ,INE451A01017,,local_data_nse_equity_list,2026-04-29
FORTIS,FORTIS.NS,Fortis Healthcare Limited,EQ,INE061F01013,,local_data_nse_equity_list,2026-04-29
FOSECOIND,FOSECOIND.NS,Foseco India Limited,EQ,INE519A01011,,local_data_nse_equity_list,2026-04-29
FRACTAL,FRACTAL.NS,Fractal Analytics Limited,EQ,INE212S01015,,local_data_nse_equity_list,2026-04-29
FRONTSP,FRONTSP.NS,Frontier Springs Limited,EQ,INE572D01014,,local_data_nse_equity_list,2026-04-29
FSL,FSL.NS,Firstsource Solutions Limited,EQ,INE684F01012,,local_data_nse_equity_list,2026-04-29
FUSION,FUSION.NS,Fusion Finance Limited,EQ,INE139R01012,,local_data_nse_equity_list,2026-04-29
GABRIEL,GABRIEL.NS,Gabriel India Limited,EQ,INE524A01029,,local_data_nse_equity_list,2026-04-29
GAEL,GAEL.NS,Gujarat Ambuja Exports Limited,EQ,INE036B01030,,local_data_nse_equity_list,2026-04-29
GAIL,GAIL.NS,GAIL (India) Limited,EQ,INE129A01019,,local_data_nse_equity_list,2026-04-29
GALAPREC,GALAPREC.NS,Gala Precision Engineering Limited,EQ,INE0RE001014,,local_data_nse_equity_list,2026-04-29
GALAXYSURF,GALAXYSURF.NS,Galaxy Surfactants Limited,EQ,INE600K01018,,local_data_nse_equity_list,2026-04-29
GALLANTT,GALLANTT.NS,Gallantt Ispat Limited,EQ,INE297H01019,,local_data_nse_equity_list,2026-04-29
GANDHAR,GANDHAR.NS,Gandhar Oil Refinery (India) Limited,EQ,INE717W01049,,local_data_nse_equity_list,2026-04-29
GANDHITUBE,GANDHITUBE.NS,Gandhi Special Tubes Limited,EQ,INE524B01027,,local_data_nse_equity_list,2026-04-29
GANECOS,GANECOS.NS,Ganesha Ecosphere Limited,EQ,INE845D01014,,local_data_nse_equity_list,2026-04-29
GANESHBE,GANESHBE.NS,Ganesh Benzoplast Limited,EQ,INE388A01029,,local_data_nse_equity_list,2026-04-29
GANESHCP,GANESHCP.NS,Ganesh Consumer Products Limited,EQ,INE652V01016,,local_data_nse_equity_list,2026-04-29
GANESHHOU,GANESHHOU.NS,GANESH HOUSING LIMITED,EQ,INE460C01014,,local_data_nse_equity_list,2026-04-29
GANGAFORGE,GANGAFORGE.NS,Ganga Forging Limited,EQ,INE691Z01023,,local_data_nse_equity_list,2026-04-29
GANGESSECU,GANGESSECU.NS,Ganges Securities Limited,EQ,INE335W01016,,local_data_nse_equity_list,2026-04-29
GARFIBRES,GARFIBRES.NS,Garware Technical Fibres Limited,EQ,INE276A01018,,local_data_nse_equity_list,2026-04-29
GARUDA,GARUDA.NS,Garuda Construction and Engineering Limited,EQ,INE0JVO01026,,local_data_nse_equity_list,2026-04-29
GATECH,GATECH.NS,GACM Technologies Limited,EQ,INE224E01028,,local_data_nse_equity_list,2026-04-29
GATECHDVR,GATECHDVR.NS,GACM Technologies Limited,EQ,INE224E01036,,local_data_nse_equity_list,2026-04-29
GATEWAY,GATEWAY.NS,Gateway Distriparks Limited,EQ,INE079J01017,,local_data_nse_equity_list,2026-04-29
GAUDIUMIVF,GAUDIUMIVF.NS,Gaudium IVF and Women Health Limited,EQ,INE0P8B01020,,local_data_nse_equity_list,2026-04-29
GAYAHWS,GAYAHWS.NS,Gayatri Highways Limited,EQ,INE287Z01012,,local_data_nse_equity_list,2026-04-29
GAYAPROJ,GAYAPROJ.NS,Gayatri Projects Limited,BE,INE336H01023,,local_data_nse_equity_list,2026-04-29
GCSL,GCSL.NS,Gretex Corporate Services Limited,EQ,INE199P01028,,local_data_nse_equity_list,2026-04-29
GEECEE,GEECEE.NS,GeeCee Ventures Limited,EQ,INE916G01016,,local_data_nse_equity_list,2026-04-29
GEEKAYWIRE,GEEKAYWIRE.NS,Geekay Wires Limited,EQ,INE669X01032,,local_data_nse_equity_list,2026-04-29
GEMAROMA,GEMAROMA.NS,Gem Aromatics Limited,BE,INE06XZ01023,,local_data_nse_equity_list,2026-04-29
GENCON,GENCON.NS,Generic Engineering Construction and Projects Limited,EQ,INE854S01022,,local_data_nse_equity_list,2026-04-29
GENESYS,GENESYS.NS,Genesys International Corporation Limited,EQ,INE727B01026,,local_data_nse_equity_list,2026-04-29
GENUSPAPER,GENUSPAPER.NS,Genus Paper & Boards Limited,EQ,INE949P01018,,local_data_nse_equity_list,2026-04-29
GENUSPOWER,GENUSPOWER.NS,Genus Power Infrastructures Limited,EQ,INE955D01029,,local_data_nse_equity_list,2026-04-29
GEOJITFSL,GEOJITFSL.NS,Geojit Financial Services Limited,EQ,INE007B01023,,local_data_nse_equity_list,2026-04-29
GESHIP,GESHIP.NS,The Great Eastern Shipping Company Limited,EQ,INE017A01032,,local_data_nse_equity_list,2026-04-29
GFLLIMITED,GFLLIMITED.NS,GFL Limited,EQ,INE538A01037,,local_data_nse_equity_list,2026-04-29
GHCL,GHCL.NS,GHCL Limited,EQ,INE539A01019,,local_data_nse_equity_list,2026-04-29
GHCLTEXTIL,GHCLTEXTIL.NS,GHCL Textiles Limited,EQ,INE0PA801013,,local_data_nse_equity_list,2026-04-29
GICHSGFIN,GICHSGFIN.NS,GIC Housing Finance Limited,EQ,INE289B01019,,local_data_nse_equity_list,2026-04-29
GICL,GICL.NS,Globe International Carriers Limited,EQ,INE947T01022,,local_data_nse_equity_list,2026-04-29
GICRE,GICRE.NS,General Insurance Corporation of India,EQ,INE481Y01014,,local_data_nse_equity_list,2026-04-29
GILLANDERS,GILLANDERS.NS,Gillanders Arbuthnot & Company Limited,EQ,INE047B01011,,local_data_nse_equity_list,2026-04-29
GILLETTE,GILLETTE.NS,Gillette India Limited,EQ,INE322A01010,,local_data_nse_equity_list,2026-04-29
GINNIFILA,GINNIFILA.NS,Ginni Filaments Limited,EQ,INE424C01010,,local_data_nse_equity_list,2026-04-29
GIPCL,GIPCL.NS,Gujarat Industries Power Company Limited,EQ,INE162A01010,,local_data_nse_equity_list,2026-04-29
GKENERGY,GKENERGY.NS,GK Energy Limited,EQ,INE1AG301022,,local_data_nse_equity_list,2026-04-29
GKSL,GKSL.NS,Gujarat Kidney And Super Speciality Limited,EQ,INE0V0W01025,,local_data_nse_equity_list,2026-04-29
GKWLIMITED,GKWLIMITED.NS,GKW Limited,EQ,INE528A01020,,local_data_nse_equity_list,2026-04-29
GLAND,GLAND.NS,Gland Pharma Limited,EQ,INE068V01023,,local_data_nse_equity_list,2026-04-29
GLAXO,GLAXO.NS,GlaxoSmithKline Pharmaceuticals Limited,EQ,INE159A01016,,local_data_nse_equity_list,2026-04-29
GLENMARK,GLENMARK.NS,Glenmark Pharmaceuticals Limited,EQ,INE935A01035,,local_data_nse_equity_list,2026-04-29
GLFL,GLFL.NS,Gujarat Lease Financing Limited,BE,INE540A01017,,local_data_nse_equity_list,2026-04-29
GLOBAL,GLOBAL.NS,Global Education Limited,EQ,INE291W01037,,local_data_nse_equity_list,2026-04-29
GLOBALE,GLOBALE.NS,Globale Tessile Limited,EQ,INE0URU01010,,local_data_nse_equity_list,2026-04-29
GLOBALVECT,GLOBALVECT.NS,Global Vectra Helicorp Limited,EQ,INE792H01019,,local_data_nse_equity_list,2026-04-29
GLOBE,GLOBE.NS,GLOBE ENTERPRISES (INDIA) LIMITED,EQ,INE581X01021,,local_data_nse_equity_list,2026-04-29
GLOBECIVIL,GLOBECIVIL.NS,Globe Civil Projects Limited,BE,INE0V3U01015,,local_data_nse_equity_list,2026-04-29
GLOBUSSPR,GLOBUSSPR.NS,Globus Spirits Limited,EQ,INE615I01010,,local_data_nse_equity_list,2026-04-29
GLOSTERLTD,GLOSTERLTD.NS,Gloster Limited,EQ,INE350Z01018,,local_data_nse_equity_list,2026-04-29
GLOTTIS,GLOTTIS.NS,Glottis Limited,EQ,INE0TQE01026,,local_data_nse_equity_list,2026-04-29
GMBREW,GMBREW.NS,GM Breweries Limited,EQ,INE075D01018,,local_data_nse_equity_list,2026-04-29
GMDCLTD,GMDCLTD.NS,Gujarat Mineral Development Corporation Limited,EQ,INE131A01031,,local_data_nse_equity_list,2026-04-29
GMMPFAUDLR,GMMPFAUDLR.NS,GMM Pfaudler Limited,EQ,INE541A01023,,local_data_nse_equity_list,2026-04-29
GMRAIRPORT,GMRAIRPORT.NS,GMR AIRPORTS LIMITED,EQ,INE776C01039,,local_data_nse_equity_list,2026-04-29
GMRP&UI,GMRP&UI.NS,GMR Power and Urban Infra Limited,EQ,INE0CU601026,,local_data_nse_equity_list,2026-04-29
GNA,GNA.NS,GNA Axles Limited,EQ,INE934S01014,,local_data_nse_equity_list,2026-04-29
GNFC,GNFC.NS,Gujarat Narmada Valley Fertilizers and Chemicals Limited,EQ,INE113A01013,,local_data_nse_equity_list,2026-04-29
GNRL,GNRL.NS,Gujarat Natural Resources Limited,EQ,INE207H01018,,local_data_nse_equity_list,2026-04-29
GOACARBON,GOACARBON.NS,Goa Carbon Limited,EQ,INE426D01013,,local_data_nse_equity_list,2026-04-29
GOCLCORP,GOCLCORP.NS,GOCL Corporation Limited,EQ,INE077F01035,,local_data_nse_equity_list,2026-04-29
GOCOLORS,GOCOLORS.NS,Go Fashion (India) Limited,EQ,INE0BJS01011,,local_data_nse_equity_list,2026-04-29
GODAVARIB,GODAVARIB.NS,Godavari Biorefineries Limited,EQ,INE497S01012,,local_data_nse_equity_list,2026-04-29
GODFRYPHLP,GODFRYPHLP.NS,Godfrey Phillips India Limited,EQ,INE260B01028,,local_data_nse_equity_list,2026-04-29
GODIGIT,GODIGIT.NS,Go Digit General Insurance Limited,EQ,INE03JT01014,,local_data_nse_equity_list,2026-04-29
GODREJAGRO,GODREJAGRO.NS,Godrej Agrovet Limited,EQ,INE850D01014,,local_data_nse_equity_list,2026-04-29
GODREJCP,GODREJCP.NS,Godrej Consumer Products Limited,EQ,INE102D01028,,local_data_nse_equity_list,2026-04-29
GODREJIND,GODREJIND.NS,Godrej Industries Limited,EQ,INE233A01035,,local_data_nse_equity_list,2026-04-29
GODREJPROP,GODREJPROP.NS,Godrej Properties Limited,EQ,INE484J01027,,local_data_nse_equity_list,2026-04-29
GOKEX,GOKEX.NS,Gokaldas Exports Limited,EQ,INE887G01027,,local_data_nse_equity_list,2026-04-29
GOKUL,GOKUL.NS,Gokul Refoils and Solvent Limited,EQ,INE020J01029,,local_data_nse_equity_list,2026-04-29
GOKULAGRO,GOKULAGRO.NS,Gokul Agro Resources Limited,EQ,INE314T01033,,local_data_nse_equity_list,2026-04-29
GOLDENTOBC,GOLDENTOBC.NS,Golden Tobacco Limited,BZ,INE973A01010,,local_data_nse_equity_list,2026-04-29
GOLDIAM,GOLDIAM.NS,Goldiam International Limited,EQ,INE025B01025,,local_data_nse_equity_list,2026-04-29
GOLDTECH,GOLDTECH.NS,AION-TECH SOLUTIONS LIMITED,EQ,INE805A01014,,local_data_nse_equity_list,2026-04-29
GOODLUCK,GOODLUCK.NS,Goodluck India Limited,EQ,INE127I01024,,local_data_nse_equity_list,2026-04-29
GOODYEAR,GOODYEAR.NS,Goodyear India Limited,EQ,INE533A01012,,local_data_nse_equity_list,2026-04-29
GOPAL,GOPAL.NS,Gopal Snacks Limited,EQ,INE0L9R01028,,local_data_nse_equity_list,2026-04-29
GOYALALUM,GOYALALUM.NS,Goyal Aluminiums Limited,EQ,INE705X01026,,local_data_nse_equity_list,2026-04-29
GPIL,GPIL.NS,Godawari Power And Ispat limited,EQ,INE177H01039,,local_data_nse_equity_list,2026-04-29
GPPL,GPPL.NS,Gujarat Pipavav Port Limited,EQ,INE517F01014,,local_data_nse_equity_list,2026-04-29
GPTHEALTH,GPTHEALTH.NS,GPT Healthcare Limited,EQ,INE486R01017,,local_data_nse_equity_list,2026-04-29
GPTINFRA,GPTINFRA.NS,GPT Infraprojects Limited,EQ,INE390G01014,,local_data_nse_equity_list,2026-04-29
GRANDOAK,GRANDOAK.NS,Grand Oak Canyons Distillery Limited,EQ,INE926B01016,,local_data_nse_equity_list,2026-04-29
GRANULES,GRANULES.NS,Granules India Limited,EQ,INE101D01020,,local_data_nse_equity_list,2026-04-29
GRAPHITE,GRAPHITE.NS,Graphite India Limited,EQ,INE371A01025,,local_data_nse_equity_list,2026-04-29
GRASIM,GRASIM.NS,Grasim Industries Limited,EQ,INE047A01021,,local_data_nse_equity_list,2026-04-29
GRAUWEIL,GRAUWEIL.NS,Grauer & Weil India Limited,EQ,INE266D01021,,local_data_nse_equity_list,2026-04-29
GRAVISSHO,GRAVISSHO.NS,Graviss Hospitality Limited,EQ,INE214F01026,,local_data_nse_equity_list,2026-04-29
GRAVITA,GRAVITA.NS,Gravita India Limited,EQ,INE024L01027,,local_data_nse_equity_list,2026-04-29
GREAVESCOT,GREAVESCOT.NS,Greaves Cotton Limited,EQ,INE224A01026,,local_data_nse_equity_list,2026-04-29
GREENLAM,GREENLAM.NS,Greenlam Industries Limited,EQ,INE544R01021,,local_data_nse_equity_list,2026-04-29
GREENPANEL,GREENPANEL.NS,Greenpanel Industries Limited,EQ,INE08ZM01014,,local_data_nse_equity_list,2026-04-29
GREENPLY,GREENPLY.NS,Greenply Industries Limited,EQ,INE461C01038,,local_data_nse_equity_list,2026-04-29
GREENPOWER,GREENPOWER.NS,Orient Green Power Company Limited,EQ,INE999K01014,,local_data_nse_equity_list,2026-04-29
GRINDWELL,GRINDWELL.NS,Grindwell Norton Limited,EQ,INE536A01023,,local_data_nse_equity_list,2026-04-29
GRINFRA,GRINFRA.NS,G R Infraprojects Limited,EQ,INE201P01022,,local_data_nse_equity_list,2026-04-29
GRMOVER,GRMOVER.NS,GRM Overseas Limited,EQ,INE192H01020,,local_data_nse_equity_list,2026-04-29
GROBTEA,GROBTEA.NS,The Grob Tea Company Limited,EQ,INE646C01018,,local_data_nse_equity_list,2026-04-29
GROWW,GROWW.NS,Billionbrains Garage Ventures Limited,EQ,INE0HOQ01053,,local_data_nse_equity_list,2026-04-29
GRPLTD,GRPLTD.NS,GRP Limited,EQ,INE137I01015,,local_data_nse_equity_list,2026-04-29
GRSE,GRSE.NS,Garden Reach Shipbuilders & Engineers Limited,EQ,INE382Z01011,,local_data_nse_equity_list,2026-04-29
GRWRHITECH,GRWRHITECH.NS,Garware Hi-Tech Films Limited,EQ,INE291A01017,,local_data_nse_equity_list,2026-04-29
GSFC,GSFC.NS,Gujarat State Fertilizers & Chemicals Limited,EQ,INE026A01025,,local_data_nse_equity_list,2026-04-29
GSLSU,GSLSU.NS,Global Surfaces Limited,EQ,INE0JSX01015,,local_data_nse_equity_list,2026-04-29
GSPCROP,GSPCROP.NS,GSP Crop Science Limited,EQ,INE713R01022,,local_data_nse_equity_list,2026-04-29
GSPL,GSPL.NS,Gujarat State Petronet Limited,EQ,INE246F01010,,local_data_nse_equity_list,2026-04-29
GSS,GSS.NS,GSS Infotech Limited,BE,INE871H01011,,local_data_nse_equity_list,2026-04-29
GTECJAINX,GTECJAINX.NS,G-TEC JAINX EDUCATION LIMITED,EQ,INE586X01012,,local_data_nse_equity_list,2026-04-29
GTL,GTL.NS,GTL Limited,BE,INE043A01012,,local_data_nse_equity_list,2026-04-29
GTLINFRA,GTLINFRA.NS,GTL Infrastructure Limited,EQ,INE221H01019,,local_data_nse_equity_list,2026-04-29
GTPL,GTPL.NS,GTPL Hathway Limited,EQ,INE869I01013,,local_data_nse_equity_list,2026-04-29
GUFICBIO,GUFICBIO.NS,Gufic Biosciences Limited,EQ,INE742B01025,,local_data_nse_equity_list,2026-04-29
GUJALKALI,GUJALKALI.NS,Gujarat Alkalies and Chemicals Limited,EQ,INE186A01019,,local_data_nse_equity_list,2026-04-29
GUJAPOLLO,GUJAPOLLO.NS,Gujarat Apollo Industries Limited,EQ,INE826C01016,,local_data_nse_equity_list,2026-04-29
GUJGASLTD,GUJGASLTD.NS,Gujarat Gas Limited,EQ,INE844O01030,,local_data_nse_equity_list,2026-04-29
GUJRAFFIA,GUJRAFFIA.NS,Gujarat Raffia Industries Limited,EQ,INE610B01024,,local_data_nse_equity_list,2026-04-29
GUJTHEM,GUJTHEM.NS,Gujarat Themis Biosyn Limited,EQ,INE942C01045,,local_data_nse_equity_list,2026-04-29
GULFOILLUB,GULFOILLUB.NS,Gulf Oil Lubricants India Limited,EQ,INE635Q01029,,local_data_nse_equity_list,2026-04-29
GULFPETRO,GULFPETRO.NS,GP Petroleums Limited,EQ,INE586G01017,,local_data_nse_equity_list,2026-04-29
GULPOLY,GULPOLY.NS,Gulshan Polyols Limited,EQ,INE255D01024,,local_data_nse_equity_list,2026-04-29
GVKPIL,GVKPIL.NS,GVK Power & Infrastructure Limited,BE,INE251H01024,,local_data_nse_equity_list,2026-04-29
GVPIL,GVPIL.NS,GE Power India Limited,BE,INE878A01011,,local_data_nse_equity_list,2026-04-29
GVPTECH,GVPTECH.NS,GVP Infotech Limited,EQ,INE382T01030,,local_data_nse_equity_list,2026-04-29
GVT&D,GVT&D.NS,GE Vernova T&D India Limited,EQ,INE200A01026,,local_data_nse_equity_list,2026-04-29
HAL,HAL.NS,Hindustan Aeronautics Limited,EQ,INE066F01020,,local_data_nse_equity_list,2026-04-29
HALDER,HALDER.NS,Halder Venture Limited,EQ,INE115S01010,,local_data_nse_equity_list,2026-04-29
HALDYNGL,HALDYNGL.NS,Haldyn Glass Limited,EQ,INE506D01020,,local_data_nse_equity_list,2026-04-29
HALEOSLABS,HALEOSLABS.NS,HALEOS LABS LIMITED,EQ,INE320X01016,,local_data_nse_equity_list,2026-04-29
HAPPSTMNDS,HAPPSTMNDS.NS,Happiest Minds Technologies Limited,EQ,INE419U01012,,local_data_nse_equity_list,2026-04-29
HAPPYFORGE,HAPPYFORGE.NS,Happy Forgings Limited,EQ,INE330T01021,,local_data_nse_equity_list,2026-04-29
HARDWYN,HARDWYN.NS,Hardwyn India Limited,EQ,INE626Z01029,,local_data_nse_equity_list,2026-04-29
HARIOMPIPE,HARIOMPIPE.NS,Hariom Pipe Industries Limited,EQ,INE00EV01017,,local_data_nse_equity_list,2026-04-29
HARRMALAYA,HARRMALAYA.NS,Harrisons  Malayalam Limited,EQ,INE544A01019,,local_data_nse_equity_list,2026-04-29
HARSHA,HARSHA.NS,Harsha Engineers International Limited,EQ,INE0JUS01029,,local_data_nse_equity_list,2026-04-29
HATHWAY,HATHWAY.NS,Hathway Cable & Datacom Limited,EQ,INE982F01036,,local_data_nse_equity_list,2026-04-29
HATSUN,HATSUN.NS,Hatsun Agro Product Limited,EQ,INE473B01035,,local_data_nse_equity_list,2026-04-29
HAVELLS,HAVELLS.NS,Havells India Limited,EQ,INE176B01034,,local_data_nse_equity_list,2026-04-29
HAVISHA,HAVISHA.NS,Sri Havisha Hospitality and Infrastructure Limited,BE,INE293B01029,,local_data_nse_equity_list,2026-04-29
HAWKINCOOK,HAWKINCOOK.NS,Hawkins Cookers Limited,EQ,INE979B01015,,local_data_nse_equity_list,2026-04-29
HBESD,HBESD.NS,HB Estate Developers Limited,EQ,INE640B01021,,local_data_nse_equity_list,2026-04-29
HBLENGINE,HBLENGINE.NS,HBL Engineering Limited,EQ,INE292B01021,,local_data_nse_equity_list,2026-04-29
HBSL,HBSL.NS,HB Stockholdings Limited,EQ,INE550B01022,,local_data_nse_equity_list,2026-04-29
HCC,HCC.NS,Hindustan Construction Company Limited,EQ,INE549A01026,,local_data_nse_equity_list,2026-04-29
HCG,HCG.NS,Healthcare Global Enterprises Limited,EQ,INE075I01017,,local_data_nse_equity_list,2026-04-29
HCL-INSYS,HCL-INSYS.NS,HCL Infosystems Limited,EQ,INE236A01020,,local_data_nse_equity_list,2026-04-29
HCLTECH,HCLTECH.NS,HCL Technologies Limited,EQ,INE860A01027,,local_data_nse_equity_list,2026-04-29
HDBFS,HDBFS.NS,HDB Financial Services Limited,EQ,INE756I01012,,local_data_nse_equity_list,2026-04-29
HDFCAMC,HDFCAMC.NS,HDFC Asset Management Company Limited,EQ,INE127D01025,,local_data_nse_equity_list,2026-04-29
HDFCBANK,HDFCBANK.NS,HDFC Bank Limited,EQ,INE040A01034,,local_data_nse_equity_list,2026-04-29
HDFCLIFE,HDFCLIFE.NS,HDFC Life Insurance Company Limited,EQ,INE795G01014,,local_data_nse_equity_list,2026-04-29
HDIL,HDIL.NS,Housing Development and Infrastructure Limited,BZ,INE191I01012,,local_data_nse_equity_list,2026-04-29
HEADSUP,HEADSUP.NS,Heads UP Ventures Limited,EQ,INE759V01019,,local_data_nse_equity_list,2026-04-29
HECPROJECT,HECPROJECT.NS,HEC Infra Projects Limited,EQ,INE558R01013,,local_data_nse_equity_list,2026-04-29
HEG,HEG.NS,HEG Limited,EQ,INE545A01024,,local_data_nse_equity_list,2026-04-29
HEIDELBERG,HEIDELBERG.NS,HeidelbergCement India Limited,EQ,INE578A01017,,local_data_nse_equity_list,2026-04-29
HEMIPROP,HEMIPROP.NS,Hemisphere Properties India Limited,EQ,INE0AJG01018,,local_data_nse_equity_list,2026-04-29
HERANBA,HERANBA.NS,Heranba Industries Limited,EQ,INE694N01015,,local_data_nse_equity_list,2026-04-29
HERITGFOOD,HERITGFOOD.NS,Heritage Foods Limited,EQ,INE978A01027,,local_data_nse_equity_list,2026-04-29
HEROMOTOCO,HEROMOTOCO.NS,Hero MotoCorp Limited,EQ,INE158A01026,,local_data_nse_equity_list,2026-04-29
HESTERBIO,HESTERBIO.NS,Hester Biosciences Limited,EQ,INE782E01017,,local_data_nse_equity_list,2026-04-29
HEXATRADEX,HEXATRADEX.NS,Hexa Tradex Limited,EQ,INE750M01017,,local_data_nse_equity_list,2026-04-29
HEXT,HEXT.NS,Hexaware Technologies Limited,EQ,INE093A01041,,local_data_nse_equity_list,2026-04-29
HFCL,HFCL.NS,HFCL Limited,EQ,INE548A01028,,local_data_nse_equity_list,2026-04-29
HGINFRA,HGINFRA.NS,H.G. Infra Engineering Limited,EQ,INE926X01010,,local_data_nse_equity_list,2026-04-29
HGM,HGM.NS,HandsOn Global Management (HGM) Limited,EQ,INE596H01014,,local_data_nse_equity_list,2026-04-29
HGS,HGS.NS,Hinduja Global Solutions Limited,EQ,INE170I01016,,local_data_nse_equity_list,2026-04-29
HIKAL,HIKAL.NS,Hikal Limited,EQ,INE475B01022,,local_data_nse_equity_list,2026-04-29
HILINFRA,HILINFRA.NS,Highway Infrastructure Limited,BE,INE00RL01028,,local_data_nse_equity_list,2026-04-29
HILTON,HILTON.NS,Hilton Metal Forging Limited,EQ,INE788H01017,,local_data_nse_equity_list,2026-04-29
HIMATSEIDE,HIMATSEIDE.NS,Himatsingka Seide Limited,EQ,INE049A01027,,local_data_nse_equity_list,2026-04-29
HINDALCO,HINDALCO.NS,Hindalco Industries Limited,EQ,INE038A01020,,local_data_nse_equity_list,2026-04-29
HINDCOMPOS,HINDCOMPOS.NS,Hindustan Composites Limited,EQ,INE310C01029,,local_data_nse_equity_list,2026-04-29
HINDCON,HINDCON.NS,Hindcon Chemicals Limited,BE,INE642Y01029,,local_data_nse_equity_list,2026-04-29
HINDCOPPER,HINDCOPPER.NS,Hindustan Copper Limited,EQ,INE531E01026,,local_data_nse_equity_list,2026-04-29
HINDOILEXP,HINDOILEXP.NS,Hindustan Oil Exploration Company Limited,EQ,INE345A01011,,local_data_nse_equity_list,2026-04-29
HINDPETRO,HINDPETRO.NS,Hindustan Petroleum Corporation Limited,EQ,INE094A01015,,local_data_nse_equity_list,2026-04-29
HINDUNILVR,HINDUNILVR.NS,Hindustan Unilever Limited,EQ,INE030A01027,,local_data_nse_equity_list,2026-04-29
HINDWAREAP,HINDWAREAP.NS,Hindware Home Innovation Limited,EQ,INE05AN01011,,local_data_nse_equity_list,2026-04-29
HINDZINC,HINDZINC.NS,Hindustan Zinc Limited,EQ,INE267A01025,,local_data_nse_equity_list,2026-04-29
HIRECT,HIRECT.NS,Hind Rectifiers Limited,EQ,INE835D01023,,local_data_nse_equity_list,2026-04-29
HISARMETAL,HISARMETAL.NS,Hisar Metal Industries Limited,EQ,INE598C01011,,local_data_nse_equity_list,2026-04-29
HITECH,HITECH.NS,Hi-Tech Pipes Limited,EQ,INE106T01025,,local_data_nse_equity_list,2026-04-29
HITECHCORP,HITECHCORP.NS,Hitech Corporation Limited,EQ,INE120D01012,,local_data_nse_equity_list,2026-04-29
HITECHGEAR,HITECHGEAR.NS,The Hi-Tech Gears Limited,BE,INE127B01011,,local_data_nse_equity_list,2026-04-29
HLEGLAS,HLEGLAS.NS,HLE Glascoat Limited,EQ,INE461D01028,,local_data_nse_equity_list,2026-04-29
HLVLTD,HLVLTD.NS,HLV LIMITED,EQ,INE102A01024,,local_data_nse_equity_list,2026-04-29
HMAAGRO,HMAAGRO.NS,HMA Agro Industries Limited,EQ,INE0ECP01024,,local_data_nse_equity_list,2026-04-29
HMT,HMT.NS,HMT Limited,BZ,INE262A01018,,local_data_nse_equity_list,2026-04-29
HMVL,HMVL.NS,Hindustan Media Ventures Limited,EQ,INE871K01015,,local_data_nse_equity_list,2026-04-29
HNDFDS,HNDFDS.NS,Hindustan Foods Limited,EQ,INE254N01026,,local_data_nse_equity_list,2026-04-29
HOMEFIRST,HOMEFIRST.NS,Home First Finance Company India Limited,EQ,INE481N01025,,local_data_nse_equity_list,2026-04-29
HONASA,HONASA.NS,Honasa Consumer Limited,EQ,INE0J5401028,,local_data_nse_equity_list,2026-04-29
HONAUT,HONAUT.NS,Honeywell Automation India Limited,EQ,INE671A01010,,local_data_nse_equity_list,2026-04-29
HONDAPOWER,HONDAPOWER.NS,Honda India Power Products Limited,EQ,INE634A01018,,local_data_nse_equity_list,2026-04-29
HPAL,HPAL.NS,HP Adhesives Limited,EQ,INE0GSL01024,,local_data_nse_equity_list,2026-04-29
HPIL,HPIL.NS,Hindprakash Industries Limited,EQ,INE05X901010,,local_data_nse_equity_list,2026-04-29
HPL,HPL.NS,HPL Electric & Power Limited,EQ,INE495S01016,,local_data_nse_equity_list,2026-04-29
HSCL,HSCL.NS,Himadri Speciality Chemical Limited,EQ,INE019C01026,,local_data_nse_equity_list,2026-04-29
HTMEDIA,HTMEDIA.NS,HT Media Limited,EQ,INE501G01024,,local_data_nse_equity_list,2026-04-29
HUBTOWN,HUBTOWN.NS,Hubtown Limited,EQ,INE703H01016,,local_data_nse_equity_list,2026-04-29
HUDCO,HUDCO.NS,Housing & Urban Development Corporation Limited,EQ,INE031A01017,,local_data_nse_equity_list,2026-04-29
HUHTAMAKI,HUHTAMAKI.NS,Huhtamaki India Limited,EQ,INE275B01026,,local_data_nse_equity_list,2026-04-29
HYBRIDFIN,HYBRIDFIN.NS,Hybrid Financial Services Limited,EQ,INE965B01022,,local_data_nse_equity_list,2026-04-29
HYUNDAI,HYUNDAI.NS,Hyundai Motor India Limited,EQ,INE0V6F01027,,local_data_nse_equity_list,2026-04-29
IBULLSLTD,IBULLSLTD.NS,Indiabulls Limited,EQ,INE126M01010,,local_data_nse_equity_list,2026-04-29
ICDSLTD,ICDSLTD.NS,ICDS Limited,BE,INE613B01010,,local_data_nse_equity_list,2026-04-29
ICEMAKE,ICEMAKE.NS,Ice Make Refrigeration Limited,EQ,INE520Y01019,,local_data_nse_equity_list,2026-04-29
ICICIAMC,ICICIAMC.NS,ICICI Prudential Asset Management Company Limited,EQ,INE346A01027,,local_data_nse_equity_list,2026-04-29
ICICIBANK,ICICIBANK.NS,ICICI Bank Limited,EQ,INE090A01021,,local_data_nse_equity_list,2026-04-29
ICICIGI,ICICIGI.NS,ICICI Lombard General Insurance Company Limited,EQ,INE765G01017,,local_data_nse_equity_list,2026-04-29
ICICIPRULI,ICICIPRULI.NS,ICICI Prudential Life Insurance Company Limited,EQ,INE726G01019,,local_data_nse_equity_list,2026-04-29
ICIL,ICIL.NS,Indo Count Industries Limited,EQ,INE483B01026,,local_data_nse_equity_list,2026-04-29
ICRA,ICRA.NS,ICRA Limited,EQ,INE725G01011,,local_data_nse_equity_list,2026-04-29
IDBI,IDBI.NS,IDBI Bank Limited,EQ,INE008A01015,,local_data_nse_equity_list,2026-04-29
IDEA,IDEA.NS,Vodafone Idea Limited,EQ,INE669E01016,,local_data_nse_equity_list,2026-04-29
IDEAFORGE,IDEAFORGE.NS,Ideaforge Technology Limited,EQ,INE349Y01013,,local_data_nse_equity_list,2026-04-29
IDFCFIRSTB,IDFCFIRSTB.NS,IDFC First Bank Limited,EQ,INE092T01019,,local_data_nse_equity_list,2026-04-29
IEX,IEX.NS,Indian Energy Exchange Limited,EQ,INE022Q01020,,local_data_nse_equity_list,2026-04-29
IFBAGRO,IFBAGRO.NS,IFB Agro Industries Limited,EQ,INE076C01018,,local_data_nse_equity_list,2026-04-29
IFBIND,IFBIND.NS,IFB Industries Limited,EQ,INE559A01017,,local_data_nse_equity_list,2026-04-29
IFCI,IFCI.NS,IFCI Limited,EQ,INE039A01010,,local_data_nse_equity_list,2026-04-29
IFGLEXPOR,IFGLEXPOR.NS,IFGL Refractories Limited,EQ,INE133Y01011,,local_data_nse_equity_list,2026-04-29
IGARASHI,IGARASHI.NS,Igarashi Motors India Limited,EQ,INE188B01013,,local_data_nse_equity_list,2026-04-29
IGCL,IGCL.NS,Indogulf Cropsciences Limited,EQ,INE05J901018,,local_data_nse_equity_list,2026-04-29
IGIL,IGIL.NS,International Gemmological Institute (India) Limited,EQ,INE0Q9301021,,local_data_nse_equity_list,2026-04-29
IGL,IGL.NS,Indraprastha Gas Limited,EQ,INE203G01027,,local_data_nse_equity_list,2026-04-29
IGPL,IGPL.NS,IG Petrochemicals Limited,EQ,INE204A01010,,local_data_nse_equity_list,2026-04-29
IIFL,IIFL.NS,IIFL Finance Limited,EQ,INE530B01024,,local_data_nse_equity_list,2026-04-29
IIFLCAPS,IIFLCAPS.NS,IIFL Capital Services Limited,EQ,INE489L01022,,local_data_nse_equity_list,2026-04-29
IITL,IITL.NS,Industrial Investment Trust Limited,EQ,INE886A01014,,local_data_nse_equity_list,2026-04-29
IKIO,IKIO.NS,IKIO Technologies Limited,EQ,INE0LOJ01019,,local_data_nse_equity_list,2026-04-29
IKS,IKS.NS,Inventurus Knowledge Solutions Limited,EQ,INE115Q01022,,local_data_nse_equity_list,2026-04-29
IL&FSENGG,IL&FSENGG.NS,IL&FS Engineering and Construction Company Limited,BZ,INE369I01014,,local_data_nse_equity_list,2026-04-29
IL&FSTRANS,IL&FSTRANS.NS,IL&FS Transportation Networks Limited,BZ,INE975G01012,,local_data_nse_equity_list,2026-04-29
IMAGICAA,IMAGICAA.NS,Imagicaaworld Entertainment Limited,EQ,INE172N01012,,local_data_nse_equity_list,2026-04-29
IMFA,IMFA.NS,Indian Metals & Ferro Alloys Limited,EQ,INE919H01018,,local_data_nse_equity_list,2026-04-29
IMPAL,IMPAL.NS,India Motor Parts and Accessories Limited,EQ,INE547E01014,,local_data_nse_equity_list,2026-04-29
IMPEXFERRO,IMPEXFERRO.NS,Impex Ferro Tech Limited,BZ,INE691G01015,,local_data_nse_equity_list,2026-04-29
INA,INA.NS,Insolation Energy Limited,EQ,INE0LGX01024,,local_data_nse_equity_list,2026-04-29
INCREDIBLE,INCREDIBLE.NS,INCREDIBLE INDUSTRIES LIMITED,EQ,INE452L01012,,local_data_nse_equity_list,2026-04-29
INDBANK,INDBANK.NS,Indbank Merchant Banking Services Limited,EQ,INE841B01017,,local_data_nse_equity_list,2026-04-29
INDGN,INDGN.NS,Indegene Limited,EQ,INE065X01017,,local_data_nse_equity_list,2026-04-29
INDHOTEL,INDHOTEL.NS,The Indian Hotels Company Limited,EQ,INE053A01029,,local_data_nse_equity_list,2026-04-29
INDIACEM,INDIACEM.NS,The India Cements Limited,EQ,INE383A01012,,local_data_nse_equity_list,2026-04-29
INDIAGLYCO,INDIAGLYCO.NS,India Glycols Limited,EQ,INE560A01023,,local_data_nse_equity_list,2026-04-29
INDIAMART,INDIAMART.NS,Indiamart Intermesh Limited,EQ,INE933S01016,,local_data_nse_equity_list,2026-04-29
INDIANB,INDIANB.NS,Indian Bank,EQ,INE562A01011,,local_data_nse_equity_list,2026-04-29
INDIANCARD,INDIANCARD.NS,Indian Card Clothing Company Limited,EQ,INE061A01014,,local_data_nse_equity_list,2026-04-29
INDIANHUME,INDIANHUME.NS,Indian Hume Pipe Company Limited,EQ,INE323C01030,,local_data_nse_equity_list,2026-04-29
INDIASHLTR,INDIASHLTR.NS,India Shelter Finance Corporation Limited,EQ,INE922K01024,,local_data_nse_equity_list,2026-04-29
INDIGO,INDIGO.NS,InterGlobe Aviation Limited,EQ,INE646L01027,,local_data_nse_equity_list,2026-04-29
INDIGOPNTS,INDIGOPNTS.NS,Indigo Paints Limited,EQ,INE09VQ01012,,local_data_nse_equity_list,2026-04-29
INDIQUBE,INDIQUBE.NS,Indiqube Spaces Limited,EQ,INE06ST01018,,local_data_nse_equity_list,2026-04-29
INDNIPPON,INDNIPPON.NS,India Nippon Electricals Limited,EQ,INE092B01025,,local_data_nse_equity_list,2026-04-29
INDOAMIN,INDOAMIN.NS,Indo Amines Limited,EQ,INE760F01028,,local_data_nse_equity_list,2026-04-29
INDOBORAX,INDOBORAX.NS,Indo Borax & Chemicals Limited,EQ,INE803D01021,,local_data_nse_equity_list,2026-04-29
INDOCO,INDOCO.NS,Indoco Remedies Limited,EQ,INE873D01024,,local_data_nse_equity_list,2026-04-29
INDOFARM,INDOFARM.NS,Indo Farm Equipment Limited,EQ,INE622H01018,,local_data_nse_equity_list,2026-04-29
INDORAMA,INDORAMA.NS,Indo Rama Synthetics (India) Limited,EQ,INE156A01020,,local_data_nse_equity_list,2026-04-29
INDOSTAR,INDOSTAR.NS,IndoStar Capital Finance Limited,EQ,INE896L01010,,local_data_nse_equity_list,2026-04-29
INDOTECH,INDOTECH.NS,Indo Tech Transformers Limited,EQ,INE332H01014,,local_data_nse_equity_list,2026-04-29
INDOTHAI,INDOTHAI.NS,Indo Thai Securities Limited,EQ,INE337M01021,,local_data_nse_equity_list,2026-04-29
INDOUS,INDOUS.NS,Indo Us Biotech Limited,EQ,INE250Z01010,,local_data_nse_equity_list,2026-04-29
INDOWIND,INDOWIND.NS,Indowind Energy Limited,EQ,INE227G01018,,local_data_nse_equity_list,2026-04-29
INDPRUD,INDPRUD.NS,Industrial & Prudential Investment Company Limited,EQ,INE620D01011,,local_data_nse_equity_list,2026-04-29
INDRAMEDCO,INDRAMEDCO.NS,Indraprastha Medical Corporation Limited,EQ,INE681B01017,,local_data_nse_equity_list,2026-04-29
INDSWFTLAB,INDSWFTLAB.NS,Ind-Swift Laboratories Limited,EQ,INE915B01019,,local_data_nse_equity_list,2026-04-29
INDTERRAIN,INDTERRAIN.NS,Indian Terrain Fashions Limited,EQ,INE611L01021,,local_data_nse_equity_list,2026-04-29
INDUSINDBK,INDUSINDBK.NS,IndusInd Bank Limited,EQ,INE095A01012,,local_data_nse_equity_list,2026-04-29
INDUSTOWER,INDUSTOWER.NS,Indus Towers Limited,EQ,INE121J01017,,local_data_nse_equity_list,2026-04-29
INFOBEAN,INFOBEAN.NS,InfoBeans Technologies Limited,EQ,INE344S01016,,local_data_nse_equity_list,2026-04-29
INFOMEDIA,INFOMEDIA.NS,Infomedia Press Limited,EQ,INE669A01022,,local_data_nse_equity_list,2026-04-29
INFY,INFY.NS,Infosys Limited,EQ,INE009A01021,,local_data_nse_equity_list,2026-04-29
INGERRAND,INGERRAND.NS,Ingersoll Rand (India) Limited,EQ,INE177A01018,,local_data_nse_equity_list,2026-04-29
INNOVACAP,INNOVACAP.NS,Innova Captab Limited,EQ,INE0DUT01020,,local_data_nse_equity_list,2026-04-29
INNOVANA,INNOVANA.NS,Innovana Thinklabs Limited,EQ,INE403Y01018,,local_data_nse_equity_list,2026-04-29
INNOVISION,INNOVISION.NS,Innovision Limited,EQ,INE0ADB01012,,local_data_nse_equity_list,2026-04-29
INOXGREEN,INOXGREEN.NS,Inox Green Energy Services Limited,EQ,INE510W01014,,local_data_nse_equity_list,2026-04-29
INOXINDIA,INOXINDIA.NS,INOX India Limited,EQ,INE616N01034,,local_data_nse_equity_list,2026-04-29
INOXWIND,INOXWIND.NS,Inox Wind Limited,EQ,INE066P01011,,local_data_nse_equity_list,2026-04-29
INSECTICID,INSECTICID.NS,Insecticides (India) Limited,EQ,INE070I01018,,local_data_nse_equity_list,2026-04-29
INSPIRISYS,INSPIRISYS.NS,Inspirisys Solutions Limited,BE,INE020G01017,,local_data_nse_equity_list,2026-04-29
INTELLECT,INTELLECT.NS,Intellect Design Arena Limited,EQ,INE306R01017,,local_data_nse_equity_list,2026-04-29
INTENTECH,INTENTECH.NS,Intense Technologies Limited,EQ,INE781A01025,,local_data_nse_equity_list,2026-04-29
INTERARCH,INTERARCH.NS,Interarch Building Solutions Limited,EQ,INE00M901018,,local_data_nse_equity_list,2026-04-29
INTLCONV,INTLCONV.NS,International Conveyors Limited,EQ,INE575C01027,,local_data_nse_equity_list,2026-04-29
INVENTURE,INVENTURE.NS,Inventure Growth & Securities Limited,EQ,INE878H01024,,local_data_nse_equity_list,2026-04-29
INVPRECQ,INVPRECQ.NS,Investment & Precision Castings Limited,EQ,INE155E01016,,local_data_nse_equity_list,2026-04-29
IOB,IOB.NS,Indian Overseas Bank,EQ,INE565A01014,,local_data_nse_equity_list,2026-04-29
IOC,IOC.NS,Indian Oil Corporation Limited,EQ,INE242A01010,,local_data_nse_equity_list,2026-04-29
IOLCP,IOLCP.NS,IOL Chemicals and Pharmaceuticals Limited,EQ,INE485C01029,,local_data_nse_equity_list,2026-04-29
IONEXCHANG,IONEXCHANG.NS,ION Exchange (India) Limited,EQ,INE570A01022,,local_data_nse_equity_list,2026-04-29
IPCALAB,IPCALAB.NS,IPCA Laboratories Limited,EQ,INE571A01038,,local_data_nse_equity_list,2026-04-29
IPL,IPL.NS,India Pesticides Limited,EQ,INE0D6701023,,local_data_nse_equity_list,2026-04-29
IRB,IRB.NS,IRB Infrastructure Developers Limited,EQ,INE821I01022,,local_data_nse_equity_list,2026-04-29
IRCON,IRCON.NS,Ircon International Limited,EQ,INE962Y01021,,local_data_nse_equity_list,2026-04-29
IRCTC,IRCTC.NS,Indian Railway Catering And Tourism Corporation Limited,EQ,INE335Y01020,,local_data_nse_equity_list,2026-04-29
IREDA,IREDA.NS,Indian Renewable Energy Development Agency Limited,EQ,INE202E01016,,local_data_nse_equity_list,2026-04-29
IRFC,IRFC.NS,Indian Railway Finance Corporation Limited,EQ,INE053F01010,,local_data_nse_equity_list,2026-04-29
IRIS,IRIS.NS,IRIS RegTech Solutions Limited,EQ,INE864K01010,,local_data_nse_equity_list,2026-04-29
IRISDOREME,IRISDOREME.NS,Iris Clothings Limited,EQ,INE01GN01025,,local_data_nse_equity_list,2026-04-29
IRMENERGY,IRMENERGY.NS,IRM Energy Limited,EQ,INE07U701015,,local_data_nse_equity_list,2026-04-29
ISFT,ISFT.NS,Intrasoft Technologies Limited,EQ,INE566K01011,,local_data_nse_equity_list,2026-04-29
ISGEC,ISGEC.NS,Isgec Heavy Engineering Limited,EQ,INE858B01029,,local_data_nse_equity_list,2026-04-29
ISHANCH,ISHANCH.NS,Ishan Dyes and Chemicals Limited,EQ,INE561M01018,,local_data_nse_equity_list,2026-04-29
ITC,ITC.NS,ITC Limited,EQ,INE154A01025,,local_data_nse_equity_list,2026-04-29
ITCHOTELS,ITCHOTELS.NS,ITC Hotels Limited,EQ,INE379A01028,,local_data_nse_equity_list,2026-04-29
ITDC,ITDC.NS,India Tourism Development Corporation Limited,EQ,INE353K01014,,local_data_nse_equity_list,2026-04-29
ITI,ITI.NS,ITI Limited,EQ,INE248A01017,,local_data_nse_equity_list,2026-04-29
IVALUE,IVALUE.NS,Ivalue Infosolutions Limited,EQ,INE056801025,,local_data_nse_equity_list,2026-04-29
IVC,IVC.NS,IL&FS Investment Managers Limited,EQ,INE050B01023,,local_data_nse_equity_list,2026-04-29
IVP,IVP.NS,IVP Limited,EQ,INE043C01018,,local_data_nse_equity_list,2026-04-29
IWP,IWP.NS,The Indian Wood Products Company Limited,EQ,INE586E01020,,local_data_nse_equity_list,2026-04-29
IXIGO,IXIGO.NS,Le Travenues Technology Limited,EQ,INE0HV901016,,local_data_nse_equity_list,2026-04-29
IZMO,IZMO.NS,IZMO Limited,BE,INE848A01014,,local_data_nse_equity_list,2026-04-29
J&KBANK,J&KBANK.NS,The Jammu & Kashmir Bank Limited,EQ,INE168A01041,,local_data_nse_equity_list,2026-04-29
JAGRAN,JAGRAN.NS,Jagran Prakashan Limited,EQ,INE199G01027,,local_data_nse_equity_list,2026-04-29
JAGSNPHARM,JAGSNPHARM.NS,Jagsonpal Pharmaceuticals Limited,EQ,INE048B01035,,local_data_nse_equity_list,2026-04-29
JAIBALAJI,JAIBALAJI.NS,Jai Balaji Industries Limited,EQ,INE091G01026,,local_data_nse_equity_list,2026-04-29
JAICORPLTD,JAICORPLTD.NS,Jai Corp Limited,EQ,INE070D01027,,local_data_nse_equity_list,2026-04-29
JAINREC,JAINREC.NS,Jain Resource Recycling Limited,EQ,INE0YD401026,,local_data_nse_equity_list,2026-04-29
JAIPURKURT,JAIPURKURT.NS,Nandani Creation Limited,EQ,INE696V01013,,local_data_nse_equity_list,2026-04-29
JAMNAAUTO,JAMNAAUTO.NS,Jamna Auto Industries Limited,EQ,INE039C01032,,local_data_nse_equity_list,2026-04-29
JARO,JARO.NS,Jaro Institute of Technology Management and Research Limited,EQ,INE00YJ01010,,local_data_nse_equity_list,2026-04-29
JASH,JASH.NS,Jash Engineering Limited,EQ,INE039O01029,,local_data_nse_equity_list,2026-04-29
JAYAGROGN,JAYAGROGN.NS,Jayant Agro Organics Limited,EQ,INE785A01026,,local_data_nse_equity_list,2026-04-29
JAYBARMARU,JAYBARMARU.NS,Jay Bharat Maruti Limited,EQ,INE571B01036,,local_data_nse_equity_list,2026-04-29
JAYKAY,JAYKAY.NS,Jaykay Enterprises Limited,EQ,INE903A01025,,local_data_nse_equity_list,2026-04-29
JAYNECOIND,JAYNECOIND.NS,Jayaswal Neco Industries Limited,EQ,INE854B01010,,local_data_nse_equity_list,2026-04-29
JAYSREETEA,JAYSREETEA.NS,Jayshree Tea & Industries Limited,EQ,INE364A01020,,local_data_nse_equity_list,2026-04-29
JBCHEPHARM,JBCHEPHARM.NS,JB Chemicals & Pharmaceuticals Limited,EQ,INE572A01036,,local_data_nse_equity_list,2026-04-29
JBMA,JBMA.NS,JBM Auto Limited,EQ,INE927D01051,,local_data_nse_equity_list,2026-04-29
JETFREIGHT,JETFREIGHT.NS,Jet Freight Logistics Limited,EQ,INE982V01025,,local_data_nse_equity_list,2026-04-29
JGCHEM,JGCHEM.NS,J.G.Chemicals Limited,EQ,INE0MB501011,,local_data_nse_equity_list,2026-04-29
JHS,JHS.NS,JHS Svendgaard Laboratories Limited,BE,INE544H01014,,local_data_nse_equity_list,2026-04-29
JINDALPHOT,JINDALPHOT.NS,Jindal Photo Limited,EQ,INE796G01012,,local_data_nse_equity_list,2026-04-29
JINDALPOLY,JINDALPOLY.NS,Jindal Poly Films Limited,EQ,INE197D01010,,local_data_nse_equity_list,2026-04-29
JINDALSAW,JINDALSAW.NS,Jindal Saw Limited,EQ,INE324A01032,,local_data_nse_equity_list,2026-04-29
JINDALSTEL,JINDALSTEL.NS,JINDAL STEEL LIMITED,EQ,INE749A01030,,local_data_nse_equity_list,2026-04-29
JINDRILL,JINDRILL.NS,Jindal Drilling And Industries Limited,EQ,INE742C01031,,local_data_nse_equity_list,2026-04-29
JINDWORLD,JINDWORLD.NS,Jindal Worldwide Limited,EQ,INE247D01039,,local_data_nse_equity_list,2026-04-29
JIOFIN,JIOFIN.NS,Jio Financial Services Limited,EQ,INE758E01017,,local_data_nse_equity_list,2026-04-29
JISLDVREQS,JISLDVREQS.NS,Jain Irrigation Systems Limited,EQ,IN9175A01010,,local_data_nse_equity_list,2026-04-29
JISLJALEQS,JISLJALEQS.NS,Jain Irrigation Systems Limited,EQ,INE175A01038,,local_data_nse_equity_list,2026-04-29
JITFINFRA,JITFINFRA.NS,JITF Infralogistics Limited,BE,INE863T01013,,local_data_nse_equity_list,2026-04-29
JKCEMENT,JKCEMENT.NS,JK Cement Limited,EQ,INE823G01014,,local_data_nse_equity_list,2026-04-29
JKIL,JKIL.NS,J.Kumar Infraprojects Limited,EQ,INE576I01022,,local_data_nse_equity_list,2026-04-29
JKIPL,JKIPL.NS,Jinkushal Industries Limited,BE,INE1FF001016,,local_data_nse_equity_list,2026-04-29
JKLAKSHMI,JKLAKSHMI.NS,JK Lakshmi Cement Limited,EQ,INE786A01032,,local_data_nse_equity_list,2026-04-29
JKPAPER,JKPAPER.NS,JK Paper Limited,EQ,INE789E01012,,local_data_nse_equity_list,2026-04-29
JKTYRE,JKTYRE.NS,JK Tyre & Industries Limited,EQ,INE573A01042,,local_data_nse_equity_list,2026-04-29
JLHL,JLHL.NS,Jupiter Life Line Hospitals Limited,EQ,INE682M01012,,local_data_nse_equity_list,2026-04-29
JMA,JMA.NS,Jullundur Motor Agency (Delhi) Limited,EQ,INE412C01023,,local_data_nse_equity_list,2026-04-29
JMFINANCIL,JMFINANCIL.NS,JM Financial Limited,EQ,INE780C01023,,local_data_nse_equity_list,2026-04-29
JNKINDIA,JNKINDIA.NS,JNK India Limited,EQ,INE0OAF01028,,local_data_nse_equity_list,2026-04-29
JOCIL,JOCIL.NS,Jocil Limited,EQ,INE839G01010,,local_data_nse_equity_list,2026-04-29
JPOLYINVST,JPOLYINVST.NS,Jindal Poly Investment and Finance Company Limited,EQ,INE147P01019,,local_data_nse_equity_list,2026-04-29
JPPOWER,JPPOWER.NS,Jaiprakash Power Ventures Limited,EQ,INE351F01018,,local_data_nse_equity_list,2026-04-29
JSFB,JSFB.NS,Jana Small Finance Bank Limited,EQ,INE953L01027,,local_data_nse_equity_list,2026-04-29
JSL,JSL.NS,Jindal Stainless Limited,EQ,INE220G01021,,local_data_nse_equity_list,2026-04-29
JSLL,JSLL.NS,Jeena Sikho Lifecare Limited,EQ,INE0J5801029,,local_data_nse_equity_list,2026-04-29
JSWCEMENT,JSWCEMENT.NS,JSW Cement Limited,EQ,INE718I01012,,local_data_nse_equity_list,2026-04-29
JSWDULUX,JSWDULUX.NS,JSW Dulux Limited,EQ,INE133A01011,,local_data_nse_equity_list,2026-04-29
JSWENERGY,JSWENERGY.NS,JSW Energy Limited,EQ,INE121E01018,,local_data_nse_equity_list,2026-04-29
JSWHL,JSWHL.NS,JSW Holdings Limited,EQ,INE824G01012,,local_data_nse_equity_list,2026-04-29
JSWINFRA,JSWINFRA.NS,JSW Infrastructure Limited,EQ,INE880J01026,,local_data_nse_equity_list,2026-04-29
JSWSTEEL,JSWSTEEL.NS,JSW Steel Limited,EQ,INE019A01038,,local_data_nse_equity_list,2026-04-29
JTEKTINDIA,JTEKTINDIA.NS,Jtekt India Limited,EQ,INE643A01035,,local_data_nse_equity_list,2026-04-29
JTLIND,JTLIND.NS,JTL INDUSTRIES LIMITED,EQ,INE391J01032,,local_data_nse_equity_list,2026-04-29
JUBLCPL,JUBLCPL.NS,Jubilant Agri and Consumer Products Limited,EQ,INE03CC01015,,local_data_nse_equity_list,2026-04-29
JUBLFOOD,JUBLFOOD.NS,Jubilant Foodworks Limited,EQ,INE797F01020,,local_data_nse_equity_list,2026-04-29
JUBLINGREA,JUBLINGREA.NS,Jubilant Ingrevia Limited,EQ,INE0BY001018,,local_data_nse_equity_list,2026-04-29
JUBLPHARMA,JUBLPHARMA.NS,Jubilant Pharmova Limited,EQ,INE700A01033,,local_data_nse_equity_list,2026-04-29
JUNIPER,JUNIPER.NS,Juniper Hotels Limited,EQ,INE696F01016,,local_data_nse_equity_list,2026-04-29
JUSTDIAL,JUSTDIAL.NS,Just Dial Limited,EQ,INE599M01018,,local_data_nse_equity_list,2026-04-29
JWL,JWL.NS,Jupiter Wagons Limited,EQ,INE209L01016,,local_data_nse_equity_list,2026-04-29
JYOTHYLAB,JYOTHYLAB.NS,Jyothy Labs Limited,EQ,INE668F01031,,local_data_nse_equity_list,2026-04-29
JYOTICNC,JYOTICNC.NS,Jyoti CNC Automation Limited,EQ,INE980O01024,,local_data_nse_equity_list,2026-04-29
JYOTISTRUC,JYOTISTRUC.NS,Jyoti Structures Limited,EQ,INE197A01024,,local_data_nse_equity_list,2026-04-29
KABRAEXTRU,KABRAEXTRU.NS,Kabra Extrusion Technik Limited,EQ,INE900B01029,,local_data_nse_equity_list,2026-04-29
KAJARIACER,KAJARIACER.NS,Kajaria Ceramics Limited,EQ,INE217B01036,,local_data_nse_equity_list,2026-04-29
KAKATCEM,KAKATCEM.NS,Kakatiya Cement Sugar & Industries Limited,EQ,INE437B01014,,local_data_nse_equity_list,2026-04-29
KALAMANDIR,KALAMANDIR.NS,Sai Silks (Kalamandir) Limited,EQ,INE438K01021,,local_data_nse_equity_list,2026-04-29
KALPATARU,KALPATARU.NS,Kalpataru Limited,EQ,INE227J01012,,local_data_nse_equity_list,2026-04-29
KALYANI,KALYANI.NS,Kalyani Commercials Limited,BE,INE610E01010,,local_data_nse_equity_list,2026-04-29
KALYANIFRG,KALYANIFRG.NS,Kalyani Forge Limited,EQ,INE314G01014,,local_data_nse_equity_list,2026-04-29
KALYANKJIL,KALYANKJIL.NS,Kalyan Jewellers India Limited,EQ,INE303R01014,,local_data_nse_equity_list,2026-04-29
KAMAHOLD,KAMAHOLD.NS,Kama Holdings Limited,EQ,INE411F01010,,local_data_nse_equity_list,2026-04-29
KAMATHOTEL,KAMATHOTEL.NS,Kamat Hotels (I) Limited,EQ,INE967C01018,,local_data_nse_equity_list,2026-04-29
KAMDHENU,KAMDHENU.NS,Kamdhenu Limited,EQ,INE390H01020,,local_data_nse_equity_list,2026-04-29
KAMOPAINTS,KAMOPAINTS.NS,Kamdhenu Ventures Limited,BE,INE0BTI01037,,local_data_nse_equity_list,2026-04-29
KANANIIND,KANANIIND.NS,Kanani Industries Limited,EQ,INE879E01037,,local_data_nse_equity_list,2026-04-29
KANCHI,KANCHI.NS,Kanchi Karpooram Limited,EQ,INE081G01019,,local_data_nse_equity_list,2026-04-29
KANORICHEM,KANORICHEM.NS,Kanoria Chemicals & Industries Limited,EQ,INE138C01024,,local_data_nse_equity_list,2026-04-29
KANPRPLA,KANPRPLA.NS,Kanpur Plastipack Limited,EQ,INE694E01014,,local_data_nse_equity_list,2026-04-29
KANSAINER,KANSAINER.NS,Kansai Nerolac Paints Limited,EQ,INE531A01024,,local_data_nse_equity_list,2026-04-29
KAPSTON,KAPSTON.NS,Kapston Services Limited,BE,INE542Z01028,,local_data_nse_equity_list,2026-04-29
KARMAENG,KARMAENG.NS,Karma Energy Limited,EQ,INE725L01011,,local_data_nse_equity_list,2026-04-29
KARURVYSYA,KARURVYSYA.NS,Karur Vysya Bank Limited,EQ,INE036D01028,,local_data_nse_equity_list,2026-04-29
KAUSHALYA,KAUSHALYA.NS,Kaushalya Infrastructure Development Corporation Limited,EQ,INE234I01028,,local_data_nse_equity_list,2026-04-29
KAVDEFENCE,KAVDEFENCE.NS,Kavveri Defence & Wireless Technologies Limited,BE,INE641C01019,,local_data_nse_equity_list,2026-04-29
KAYA,KAYA.NS,Kaya Limited,EQ,INE587G01015,,local_data_nse_equity_list,2026-04-29
KAYNES,KAYNES.NS,Kaynes Technology India Limited,EQ,INE918Z01012,,local_data_nse_equity_list,2026-04-29
KCP,KCP.NS,KCP Limited,EQ,INE805C01028,,local_data_nse_equity_list,2026-04-29
KCPSUGIND,KCPSUGIND.NS,KCP Sugar and Industries Corporation Limited,EQ,INE790B01024,,local_data_nse_equity_list,2026-04-29
KDDL,KDDL.NS,KDDL Limited,EQ,INE291D01011,,local_data_nse_equity_list,2026-04-29
KEC,KEC.NS,KEC International Limited,EQ,INE389H01022,,local_data_nse_equity_list,2026-04-29
KECL,KECL.NS,Kirloskar Electric Company Limited,BE,INE134B01017,,local_data_nse_equity_list,2026-04-29
KEEPLEARN,KEEPLEARN.NS,DSJ Keep Learning Limited,EQ,INE055C01020,,local_data_nse_equity_list,2026-04-29
KEI,KEI.NS,KEI Industries Limited,EQ,INE878B01027,,local_data_nse_equity_list,2026-04-29
KELLTONTEC,KELLTONTEC.NS,Kellton Tech Solutions Limited,EQ,INE164B01030,,local_data_nse_equity_list,2026-04-29
KENNAMET,KENNAMET.NS,Kennametal India Limited,EQ,INE717A01029,,local_data_nse_equity_list,2026-04-29
KERNEX,KERNEX.NS,Kernex Microsystems (India) Limited,EQ,INE202H01019,,local_data_nse_equity_list,2026-04-29
KESORAMIND,KESORAMIND.NS,Kesoram Industries Limited,EQ,INE087A01019,,local_data_nse_equity_list,2026-04-29
KEYFINSERV,KEYFINSERV.NS,Keynote Financial Services Limited,EQ,INE681C01015,,local_data_nse_equity_list,2026-04-29
KFINTECH,KFINTECH.NS,Kfin Technologies Limited,EQ,INE138Y01010,,local_data_nse_equity_list,2026-04-29
KHADIM,KHADIM.NS,Khadim India Limited,EQ,INE834I01025,,local_data_nse_equity_list,2026-04-29
KHAICHEM,KHAICHEM.NS,Khaitan Chemicals & Fertilizers Limited,EQ,INE745B01028,,local_data_nse_equity_list,2026-04-29
KHAITANLTD,KHAITANLTD.NS,Khaitan (India) Limited,EQ,INE731C01018,,local_data_nse_equity_list,2026-04-29
KHANDSE,KHANDSE.NS,Khandwala Securities Limited,EQ,INE060B01014,,local_data_nse_equity_list,2026-04-29
KICL,KICL.NS,Kalyani Investment Company Limited,EQ,INE029L01018,,local_data_nse_equity_list,2026-04-29
KILITCH,KILITCH.NS,Kilitch Drugs (India) Limited,EQ,INE729D01010,,local_data_nse_equity_list,2026-04-29
KIMS,KIMS.NS,Krishna Institute of Medical Sciences Limited,EQ,INE967H01025,,local_data_nse_equity_list,2026-04-29
KINGFA,KINGFA.NS,Kingfa Science & Technology (India) Limited,EQ,INE473D01015,,local_data_nse_equity_list,2026-04-29
KIOCL,KIOCL.NS,KIOCL Limited,EQ,INE880L01014,,local_data_nse_equity_list,2026-04-29
KIRANVYPAR,KIRANVYPAR.NS,Kiran Vyapar Limited,EQ,INE555P01013,,local_data_nse_equity_list,2026-04-29
KIRIINDUS,KIRIINDUS.NS,Kiri Industries Limited,EQ,INE415I01015,,local_data_nse_equity_list,2026-04-29
KIRLFER,KIRLFER.NS,Kirloskar Ferrous Industries Limited,EQ,INE884B01025,,local_data_nse_equity_list,2026-04-29
KIRLOSBROS,KIRLOSBROS.NS,Kirloskar Brothers Limited,EQ,INE732A01036,,local_data_nse_equity_list,2026-04-29
KIRLOSENG,KIRLOSENG.NS,Kirloskar Oil Engines Limited,EQ,INE146L01010,,local_data_nse_equity_list,2026-04-29
KIRLOSIND,KIRLOSIND.NS,Kirloskar Industries Limited,EQ,INE250A01039,,local_data_nse_equity_list,2026-04-29
KIRLPNU,KIRLPNU.NS,Kirloskar Pneumatic Company Limited,EQ,INE811A01020,,local_data_nse_equity_list,2026-04-29
KITEX,KITEX.NS,Kitex Garments Limited,EQ,INE602G01020,,local_data_nse_equity_list,2026-04-29
KKCL,KKCL.NS,Kewal Kiran Clothing Limited,EQ,INE401H01017,,local_data_nse_equity_list,2026-04-29
KLBRENG-B,KLBRENG-B.NS,Kilburn Engineering Limited,EQ,INE338F01015,,local_data_nse_equity_list,2026-04-29
KMEW,KMEW.NS,Knowledge Marine & Engineering Works Limited,EQ,INE0CJD01029,,local_data_nse_equity_list,2026-04-29
KMSUGAR,KMSUGAR.NS,K.M.Sugar Mills Limited,EQ,INE157H01023,,local_data_nse_equity_list,2026-04-29
KNAGRI,KNAGRI.NS,KN Agri Resources Limited,EQ,INE0KNW01016,,local_data_nse_equity_list,2026-04-29
KNRCON,KNRCON.NS,KNR Constructions Limited,EQ,INE634I01029,,local_data_nse_equity_list,2026-04-29
KOHINOOR,KOHINOOR.NS,Kohinoor Foods Limited,EQ,INE080B01012,,local_data_nse_equity_list,2026-04-29
KOKUYOCMLN,KOKUYOCMLN.NS,Kokuyo Camlin Limited,EQ,INE760A01029,,local_data_nse_equity_list,2026-04-29
KOLTEPATIL,KOLTEPATIL.NS,Kolte - Patil Developers Limited,EQ,INE094I01018,,local_data_nse_equity_list,2026-04-29
KOPRAN,KOPRAN.NS,Kopran Limited,EQ,INE082A01010,,local_data_nse_equity_list,2026-04-29
KOTAKBANK,KOTAKBANK.NS,Kotak Mahindra Bank Limited,EQ,INE237A01036,,local_data_nse_equity_list,2026-04-29
KOTARISUG,KOTARISUG.NS,Kothari Sugars And Chemicals Limited,EQ,INE419A01022,,local_data_nse_equity_list,2026-04-29
KOTHARIPET,KOTHARIPET.NS,Kothari Petrochemicals Limited,EQ,INE720A01015,,local_data_nse_equity_list,2026-04-29
KOTHARIPRO,KOTHARIPRO.NS,Kothari Products Limited,EQ,INE823A01017,,local_data_nse_equity_list,2026-04-29
KOTIC,KOTIC.NS,Kothari Industrial Corporation Limited,EQ,INE972A01020,,local_data_nse_equity_list,2026-04-29
KOTYARK,KOTYARK.NS,Kotyark Industries Limited,EQ,INE0J0B01017,,local_data_nse_equity_list,2026-04-29
KOVAI,KOVAI.NS,Kovai Medical Center & Hospital Limited,EQ,INE177F01017,,local_data_nse_equity_list,2026-04-29
KPEL,KPEL.NS,K.P. Energy Limited,EQ,INE127T01021,,local_data_nse_equity_list,2026-04-29
KPIGREEN,KPIGREEN.NS,KPI Green Energy Limited,EQ,INE542W01025,,local_data_nse_equity_list,2026-04-29
KPIL,KPIL.NS,Kalpataru Projects International Limited,EQ,INE220B01022,,local_data_nse_equity_list,2026-04-29
KPITTECH,KPITTECH.NS,KPIT Technologies Limited,EQ,INE04I401011,,local_data_nse_equity_list,2026-04-29
KPL,KPL.NS,Kwality Pharmaceuticals Limited,EQ,INE552U01010,,local_data_nse_equity_list,2026-04-29
KPRMILL,KPRMILL.NS,K.P.R. Mill Limited,EQ,INE930H01031,,local_data_nse_equity_list,2026-04-29
KRBL,KRBL.NS,KRBL Limited,EQ,INE001B01026,,local_data_nse_equity_list,2026-04-29
KREBSBIO,KREBSBIO.NS,Krebs Biochemicals and Industries Limited,BE,INE268B01013,,local_data_nse_equity_list,2026-04-29
KRIDHANINF,KRIDHANINF.NS,Kridhan Infra Limited,EQ,INE524L01026,,local_data_nse_equity_list,2026-04-29
KRISHANA,KRISHANA.NS,Krishana Phoschem Limited,EQ,INE506W01012,,local_data_nse_equity_list,2026-04-29
KRISHIVAL,KRISHIVAL.NS,Krishival Foods Limited,EQ,INE0GGO01015,,local_data_nse_equity_list,2026-04-29
KRISHNADEF,KRISHNADEF.NS,Krishna Defence And Allied Industries Limited,EQ,INE0J5601015,,local_data_nse_equity_list,2026-04-29
KRITI,KRITI.NS,Kriti Industries (India) Limited,EQ,INE479D01038,,local_data_nse_equity_list,2026-04-29
KRITIKA,KRITIKA.NS,Kritika Wires Limited,EQ,INE00Z501029,,local_data_nse_equity_list,2026-04-29
KRITINUT,KRITINUT.NS,Kriti Nutrients Limited,BE,INE798K01010,,local_data_nse_equity_list,2026-04-29
KRN,KRN.NS,KRN Heat Exchanger and Refrigeration Limited,EQ,INE0Q3J01015,,local_data_nse_equity_list,2026-04-29
KRONOX,KRONOX.NS,Kronox Lab Sciences Limited,EQ,INE0ATZ01017,,local_data_nse_equity_list,2026-04-29
KROSS,KROSS.NS,Kross Limited,EQ,INE0O6601022,,local_data_nse_equity_list,2026-04-29
KRSNAA,KRSNAA.NS,Krsnaa Diagnostics Limited,EQ,INE08LI01020,,local_data_nse_equity_list,2026-04-29
KRYSTAL,KRYSTAL.NS,Krystal Integrated Services Limited,EQ,INE0QN801017,,local_data_nse_equity_list,2026-04-29
KSB,KSB.NS,Ksb Limited,EQ,INE999A01023,,local_data_nse_equity_list,2026-04-29
KSCL,KSCL.NS,Kaveri Seed Company Limited,EQ,INE455I01029,,local_data_nse_equity_list,2026-04-29
KSHINTL,KSHINTL.NS,KSH International Limited,EQ,INE987S01020,,local_data_nse_equity_list,2026-04-29
KSHITIJPOL,KSHITIJPOL.NS,Kshitij Polyline Limited,BE,INE013801027,,local_data_nse_equity_list,2026-04-29
KSL,KSL.NS,Kalyani Steels Limited,EQ,INE907A01026,,local_data_nse_equity_list,2026-04-29
KSOLVES,KSOLVES.NS,Ksolves India Limited,EQ,INE0D6I01023,,local_data_nse_equity_list,2026-04-29
KSR,KSR.NS,KSR Footwear Limited,BE,INE1SPP01016,,local_data_nse_equity_list,2026-04-29
KTKBANK,KTKBANK.NS,The Karnataka Bank Limited,EQ,INE614B01018,,local_data_nse_equity_list,2026-04-29
KUANTUM,KUANTUM.NS,Kuantum Papers Limited,EQ,INE529I01021,,local_data_nse_equity_list,2026-04-29
KWIL,KWIL.NS,Kwality Wall's (India) Limited,EQ,INE2KCE01013,,local_data_nse_equity_list,2026-04-29
LAGNAM,LAGNAM.NS,Lagnam Spintex Limited,EQ,INE548Z01017,,local_data_nse_equity_list,2026-04-29
LAHOTIOV,LAHOTIOV.NS,Lahoti Overseas Limited,EQ,INE515C01023,,local_data_nse_equity_list,2026-04-29
LAKPRE,LAKPRE.NS,Lakshmi Precision Screws Limited,BZ,INE651C01018,,local_data_nse_equity_list,2026-04-29
LAL,LAL.NS,Lorenzini Apparels Limited,EQ,INE740X01023,,local_data_nse_equity_list,2026-04-29
LALPATHLAB,LALPATHLAB.NS,Dr. Lal Path Labs Ltd.,EQ,INE600L01024,,local_data_nse_equity_list,2026-04-29
LAMBODHARA,LAMBODHARA.NS,Lambodhara Textiles Limited,EQ,INE112F01022,,local_data_nse_equity_list,2026-04-29
LANCORHOL,LANCORHOL.NS,Lancor Holdings Limited,BE,INE572G01025,,local_data_nse_equity_list,2026-04-29
LANDMARK,LANDMARK.NS,Landmark Cars Limited,EQ,INE559R01029,,local_data_nse_equity_list,2026-04-29
LANDSMILL,LANDSMILL.NS,Landsmill Green Limited,EQ,INE688J01023,,local_data_nse_equity_list,2026-04-29
LAOPALA,LAOPALA.NS,La Opala RG Limited,EQ,INE059D01020,,local_data_nse_equity_list,2026-04-29
LASA,LASA.NS,Lasa Supergenerics Limited,BE,INE670X01014,,local_data_nse_equity_list,2026-04-29
LATENTVIEW,LATENTVIEW.NS,Latent View Analytics Limited,EQ,INE0I7C01011,,local_data_nse_equity_list,2026-04-29
LATTEYS,LATTEYS.NS,Latteys Industries Limited,EQ,INE262Z01023,,local_data_nse_equity_list,2026-04-29
LAURUSLABS,LAURUSLABS.NS,Laurus Labs Limited,EQ,INE947Q01028,,local_data_nse_equity_list,2026-04-29
LAXMICOT,LAXMICOT.NS,Laxmi Cotspin Limited,BE,INE801V01019,,local_data_nse_equity_list,2026-04-29
LAXMIDENTL,LAXMIDENTL.NS,Laxmi Dental Limited,EQ,INE0WO601020,,local_data_nse_equity_list,2026-04-29
LAXMIINDIA,LAXMIINDIA.NS,Laxmi India Finance Limited,EQ,INE06WU01026,,local_data_nse_equity_list,2026-04-29
LCCINFOTEC,LCCINFOTEC.NS,LCC Infotech Limited,BE,INE938A01021,,local_data_nse_equity_list,2026-04-29
LEMERITE,LEMERITE.NS,Le Merite Exports Limited,EQ,INE0G1L01017,,local_data_nse_equity_list,2026-04-29
LEMONTREE,LEMONTREE.NS,Lemon Tree Hotels Limited,EQ,INE970X01018,,local_data_nse_equity_list,2026-04-29
LENSKART,LENSKART.NS,Lenskart Solutions Limited,EQ,INE956O01016,,local_data_nse_equity_list,2026-04-29
LEXUS,LEXUS.NS,Lexus Granito (India) Limited,BE,INE500X01013,,local_data_nse_equity_list,2026-04-29
LFIC,LFIC.NS,Lakshmi Finance & Industrial Corporation Limited,EQ,INE850E01012,,local_data_nse_equity_list,2026-04-29
LGBBROSLTD,LGBBROSLTD.NS,LG Balakrishnan & Bros Limited,EQ,INE337A01034,,local_data_nse_equity_list,2026-04-29
LGEINDIA,LGEINDIA.NS,LG Electronics India Limited,EQ,INE324D01010,,local_data_nse_equity_list,2026-04-29
LGHL,LGHL.NS,Laxmi Goldorna House Limited,EQ,INE258Y01016,,local_data_nse_equity_list,2026-04-29
LIBAS,LIBAS.NS,Libas Consumer Products Limited,EQ,INE908V01012,,local_data_nse_equity_list,2026-04-29
LIBERTSHOE,LIBERTSHOE.NS,Liberty Shoes Limited,EQ,INE557B01019,,local_data_nse_equity_list,2026-04-29
LICHSGFIN,LICHSGFIN.NS,LIC Housing Finance Limited,EQ,INE115A01026,,local_data_nse_equity_list,2026-04-29
LICI,LICI.NS,Life Insurance Corporation Of India,EQ,INE0J1Y01017,,local_data_nse_equity_list,2026-04-29
LIKHITHA,LIKHITHA.NS,Likhitha Infrastructure Limited,BE,INE060901027,,local_data_nse_equity_list,2026-04-29
LINC,LINC.NS,Linc Limited,EQ,INE802B01027,,local_data_nse_equity_list,2026-04-29
LINCOLN,LINCOLN.NS,Lincoln Pharmaceuticals Limited,EQ,INE405C01035,,local_data_nse_equity_list,2026-04-29
LINDEINDIA,LINDEINDIA.NS,Linde India Limited,EQ,INE473A01011,,local_data_nse_equity_list,2026-04-29
LLOYDSENGG,LLOYDSENGG.NS,LLOYDS ENGINEERING WORKS LIMITED,EQ,INE093R01011,,local_data_nse_equity_list,2026-04-29
LLOYDSENT,LLOYDSENT.NS,Lloyds Enterprises Limited,EQ,INE080I01025,,local_data_nse_equity_list,2026-04-29
LLOYDSME,LLOYDSME.NS,Lloyds Metals And Energy Limited,EQ,INE281B01032,,local_data_nse_equity_list,2026-04-29
LMW,LMW.NS,LMW Limited,EQ,INE269B01029,,local_data_nse_equity_list,2026-04-29
LODHA,LODHA.NS,Lodha Developers Limited,EQ,INE670K01029,,local_data_nse_equity_list,2026-04-29
LOKESHMACH,LOKESHMACH.NS,Lokesh Machines Limited,BE,INE397H01017,,local_data_nse_equity_list,2026-04-29
LORDSCHLO,LORDSCHLO.NS,Lords Chloro Alkali Limited,EQ,INE846D01012,,local_data_nse_equity_list,2026-04-29
LOTUSDEV,LOTUSDEV.NS,Sri Lotus Developers and Realty Limited,EQ,INE0V9Q01010,,local_data_nse_equity_list,2026-04-29
LOTUSEYE,LOTUSEYE.NS,Lotus Eye Hospital and Institute Limited,EQ,INE947I01017,,local_data_nse_equity_list,2026-04-29
LOVABLE,LOVABLE.NS,Lovable Lingerie Limited,EQ,INE597L01014,,local_data_nse_equity_list,2026-04-29
LOYALTEX,LOYALTEX.NS,Loyal Textile Mills Limited,BE,INE970D01010,,local_data_nse_equity_list,2026-04-29
LPDC,LPDC.NS,Landmark Property Development Company Limited,BE,INE197J01017,,local_data_nse_equity_list,2026-04-29
LT,LT.NS,Larsen & Toubro Limited,EQ,INE018A01030,,local_data_nse_equity_list,2026-04-29
LTF,LTF.NS,L&T Finance Limited,EQ,INE498L01015,,local_data_nse_equity_list,2026-04-29
LTFOODS,LTFOODS.NS,LT Foods Limited,EQ,INE818H01020,,local_data_nse_equity_list,2026-04-29
LTM,LTM.NS,LTM Limited,EQ,INE214T01019,,local_data_nse_equity_list,2026-04-29
LTTS,LTTS.NS,L&T Technology Services Limited,EQ,INE010V01017,,local_data_nse_equity_list,2026-04-29
LUMAXIND,LUMAXIND.NS,Lumax Industries Limited,EQ,INE162B01018,,local_data_nse_equity_list,2026-04-29
LUMAXTECH,LUMAXTECH.NS,Lumax Auto Technologies Limited,EQ,INE872H01027,,local_data_nse_equity_list,2026-04-29
LUPIN,LUPIN.NS,Lupin Limited,EQ,INE326A01037,,local_data_nse_equity_list,2026-04-29
LUXIND,LUXIND.NS,Lux Industries Limited,EQ,INE150G01020,,local_data_nse_equity_list,2026-04-29
LXCHEM,LXCHEM.NS,Laxmi Organic Industries Limited,EQ,INE576O01020,,local_data_nse_equity_list,2026-04-29
LYKALABS,LYKALABS.NS,Lyka Labs Limited,BE,INE933A01014,,local_data_nse_equity_list,2026-04-29
LYPSAGEMS,LYPSAGEMS.NS,Lypsa Gems & Jewellery Limited,EQ,INE142K01011,,local_data_nse_equity_list,2026-04-29
M&M,M&M.NS,Mahindra & Mahindra Limited,EQ,INE101A01026,,local_data_nse_equity_list,2026-04-29
M&MFIN,M&MFIN.NS,Mahindra & Mahindra Financial Services Limited,EQ,INE774D01024,,local_data_nse_equity_list,2026-04-29
MAANALU,MAANALU.NS,Maan Aluminium Limited,EQ,INE215I01027,,local_data_nse_equity_list,2026-04-29
MACPOWER,MACPOWER.NS,Macpower CNC Machines Limited,EQ,INE155Z01011,,local_data_nse_equity_list,2026-04-29
MADHAV,MADHAV.NS,Madhav Marbles and Granites Limited,EQ,INE925C01016,,local_data_nse_equity_list,2026-04-29
MADHAVIPL,MADHAVIPL.NS,Madhav Infra Projects Limited,EQ,INE631R01026,,local_data_nse_equity_list,2026-04-29
MADHUCON,MADHUCON.NS,Madhucon Projects Limited,BE,INE378D01032,,local_data_nse_equity_list,2026-04-29
MADRASFERT,MADRASFERT.NS,Madras Fertilizers Limited,EQ,INE414A01015,,local_data_nse_equity_list,2026-04-29
MAFATIND,MAFATIND.NS,Mafatlal Industries Limited,EQ,INE270B01035,,local_data_nse_equity_list,2026-04-29
MAGADSUGAR,MAGADSUGAR.NS,Magadh Sugar & Energy Limited,EQ,INE347W01011,,local_data_nse_equity_list,2026-04-29
MAGNUM,MAGNUM.NS,Magnum Ventures Limited,BE,INE387I01016,,local_data_nse_equity_list,2026-04-29
MAHABANK,MAHABANK.NS,Bank of Maharashtra,EQ,INE457A01014,,local_data_nse_equity_list,2026-04-29
MAHAPE-RE,MAHAPE-RE.NS,Maha Rashtra Apex Corporation Limited-RE,BE,INE843B20013,,local_data_nse_equity_list,2026-04-29
MAHAPEXLTD,MAHAPEXLTD.NS,Maha Rashtra Apex Corporation Limited,EQ,INE843B01013,,local_data_nse_equity_list,2026-04-29
MAHASTEEL,MAHASTEEL.NS,Mahamaya Steel Industries Limited,BE,INE451L01014,,local_data_nse_equity_list,2026-04-29
MAHEPC,MAHEPC.NS,Mahindra EPC Irrigation Limited,EQ,INE215D01010,,local_data_nse_equity_list,2026-04-29
MAHESHWARI,MAHESHWARI.NS,Maheshwari Logistics Limited,EQ,INE263W01010,,local_data_nse_equity_list,2026-04-29
MAHLIFE,MAHLIFE.NS,Mahindra Lifespace Developers Limited,EQ,INE813A01018,,local_data_nse_equity_list,2026-04-29
MAHLOG,MAHLOG.NS,Mahindra Logistics Limited,EQ,INE766P01016,,local_data_nse_equity_list,2026-04-29
MAHSCOOTER,MAHSCOOTER.NS,Maharashtra Scooters Limited,EQ,INE288A01013,,local_data_nse_equity_list,2026-04-29
MAHSEAMLES,MAHSEAMLES.NS,Maharashtra Seamless Limited,EQ,INE271B01025,,local_data_nse_equity_list,2026-04-29
MAITHANALL,MAITHANALL.NS,Maithan Alloys Limited,EQ,INE683C01011,,local_data_nse_equity_list,2026-04-29
MAJESAUT,MAJESAUT.NS,Majestic Auto Limited,EQ,INE201B01022,,local_data_nse_equity_list,2026-04-29
MALLCOM,MALLCOM.NS,Mallcom (India) Limited,EQ,INE389C01015,,local_data_nse_equity_list,2026-04-29
MALUPAPER,MALUPAPER.NS,Malu Paper Mills Limited,EQ,INE383H01017,,local_data_nse_equity_list,2026-04-29
MAMATA,MAMATA.NS,Mamata Machinery Limited,EQ,INE0TO701015,,local_data_nse_equity_list,2026-04-29
MANAKALUCO,MANAKALUCO.NS,Manaksia Aluminium Company Limited,BE,INE859Q01017,,local_data_nse_equity_list,2026-04-29
MANAKCOAT,MANAKCOAT.NS,Manaksia Coated Metals & Industries Limited,EQ,INE830Q01018,,local_data_nse_equity_list,2026-04-29
MANAKSIA,MANAKSIA.NS,Manaksia Limited,EQ,INE015D01022,,local_data_nse_equity_list,2026-04-29
MANAKSTEEL,MANAKSTEEL.NS,Manaksia Steels Limited,EQ,INE824Q01011,,local_data_nse_equity_list,2026-04-29
MANALIPETC,MANALIPETC.NS,Manali Petrochemicals Limited,EQ,INE201A01024,,local_data_nse_equity_list,2026-04-29
MANAPPURAM,MANAPPURAM.NS,Manappuram Finance Limited,EQ,INE522D01027,,local_data_nse_equity_list,2026-04-29
MANBA,MANBA.NS,Manba Finance Limited,EQ,INE939X01013,,local_data_nse_equity_list,2026-04-29
MANCREDIT,MANCREDIT.NS,Mangal Credit and Fincorp Limited,EQ,INE545L01039,,local_data_nse_equity_list,2026-04-29
MANGALAM,MANGALAM.NS,Mangalam Drugs And Organics Limited,BE,INE584F01014,,local_data_nse_equity_list,2026-04-29
MANGLMCEM,MANGLMCEM.NS,Mangalam Cement Limited,EQ,INE347A01017,,local_data_nse_equity_list,2026-04-29
MANINDS,MANINDS.NS,Man Industries (India) Limited,EQ,INE993A01026,,local_data_nse_equity_list,2026-04-29
MANINFRA,MANINFRA.NS,Man Infraconstruction Limited,EQ,INE949H01023,,local_data_nse_equity_list,2026-04-29
MANKIND,MANKIND.NS,Mankind Pharma Limited,EQ,INE634S01028,,local_data_nse_equity_list,2026-04-29
MANOMAY,MANOMAY.NS,Manomay Tex India Limited,EQ,INE784W01015,,local_data_nse_equity_list,2026-04-29
MANORAMA,MANORAMA.NS,Manorama Industries Limited,EQ,INE00VM01036,,local_data_nse_equity_list,2026-04-29
MANORG,MANORG.NS,Mangalam Organics Limited,EQ,INE370D01013,,local_data_nse_equity_list,2026-04-29
MANUGRAPH,MANUGRAPH.NS,Manugraph India Limited,EQ,INE867A01022,,local_data_nse_equity_list,2026-04-29
MANYAVAR,MANYAVAR.NS,Vedant Fashions Limited,EQ,INE825V01034,,local_data_nse_equity_list,2026-04-29
MAPMYINDIA,MAPMYINDIA.NS,C.E. Info Systems Limited,EQ,INE0BV301023,,local_data_nse_equity_list,2026-04-29
MARALOVER,MARALOVER.NS,Maral Overseas Limited,EQ,INE882A01013,,local_data_nse_equity_list,2026-04-29
MARATHON,MARATHON.NS,Marathon Nextgen Realty Limited,EQ,INE182D01020,,local_data_nse_equity_list,2026-04-29
MARICO,MARICO.NS,Marico Limited,EQ,INE196A01026,,local_data_nse_equity_list,2026-04-29
MARINE,MARINE.NS,Marine Electricals (India) Limited,EQ,INE01JE01028,,local_data_nse_equity_list,2026-04-29
MARKOLINES,MARKOLINES.NS,Markolines Pavement Technologies Limited,EQ,INE0FW001016,,local_data_nse_equity_list,2026-04-29
MARKSANS,MARKSANS.NS,Marksans Pharma Limited,EQ,INE750C01026,,local_data_nse_equity_list,2026-04-29
MARSONS,MARSONS.NS,Marsons Limited,EQ,INE415B01044,,local_data_nse_equity_list,2026-04-29
MARUTI,MARUTI.NS,Maruti Suzuki India Limited,EQ,INE585B01010,,local_data_nse_equity_list,2026-04-29
MASFIN,MASFIN.NS,MAS Financial Services Limited,EQ,INE348L01012,,local_data_nse_equity_list,2026-04-29
MASKINVEST,MASKINVEST.NS,Mask Investments Limited,EQ,INE885F01015,,local_data_nse_equity_list,2026-04-29
MASTEK,MASTEK.NS,Mastek Limited,EQ,INE759A01021,,local_data_nse_equity_list,2026-04-29
MASTERTR,MASTERTR.NS,Master Trust Limited,EQ,INE677D01037,,local_data_nse_equity_list,2026-04-29
MATRIMONY,MATRIMONY.NS,Matrimony.Com Limited,EQ,INE866R01028,,local_data_nse_equity_list,2026-04-29
MAWANASUG,MAWANASUG.NS,Mawana Sugars Limited,EQ,INE636A01039,,local_data_nse_equity_list,2026-04-29
MAXESTATES,MAXESTATES.NS,Max Estates Limited,EQ,INE03EI01018,,local_data_nse_equity_list,2026-04-29
MAXHEALTH,MAXHEALTH.NS,Max Healthcare Institute Limited,EQ,INE027H01010,,local_data_nse_equity_list,2026-04-29
MAXIND,MAXIND.NS,Max India Limited,EQ,INE0CG601016,,local_data_nse_equity_list,2026-04-29
MAYURUNIQ,MAYURUNIQ.NS,Mayur Uniquoters Ltd,EQ,INE040D01038,,local_data_nse_equity_list,2026-04-29
MAZDA,MAZDA.NS,Mazda Limited,EQ,INE885E01042,,local_data_nse_equity_list,2026-04-29
MAZDOCK,MAZDOCK.NS,Mazagon Dock Shipbuilders Limited,EQ,INE249Z01020,,local_data_nse_equity_list,2026-04-29
MBAPL,MBAPL.NS,Madhya Bharat Agro Products Limited,EQ,INE900L01010,,local_data_nse_equity_list,2026-04-29
MBEL,MBEL.NS,M & B Engineering Limited,EQ,INE08N601015,,local_data_nse_equity_list,2026-04-29
MBLINFRA,MBLINFRA.NS,MBL Infrastructure Limited,BE,INE912H01013,,local_data_nse_equity_list,2026-04-29
MCCHRLS-B,MCCHRLS-B.NS,Mac Charles India Limited,EQ,INE435D01014,,local_data_nse_equity_list,2026-04-29
MCL,MCL.NS,Madhav Copper Limited,BE,INE813V01022,,local_data_nse_equity_list,2026-04-29
MCLEODRUSS,MCLEODRUSS.NS,Mcleod Russel India Limited,BE,INE942G01012,,local_data_nse_equity_list,2026-04-29
MCLOUD,MCLOUD.NS,Magellanic Cloud Limited,EQ,INE613C01026,,local_data_nse_equity_list,2026-04-29
MCX,MCX.NS,Multi Commodity Exchange of India Limited,EQ,INE745G01043,,local_data_nse_equity_list,2026-04-29
MEDANTA,MEDANTA.NS,Global Health Limited,EQ,INE474Q01031,,local_data_nse_equity_list,2026-04-29
MEDIASSIST,MEDIASSIST.NS,Medi Assist Healthcare Services Limited,EQ,INE456Z01021,,local_data_nse_equity_list,2026-04-29
MEDICAMEQ,MEDICAMEQ.NS,Medicamen Biotech Limited,EQ,INE646B01010,,local_data_nse_equity_list,2026-04-29
MEDICO,MEDICO.NS,Medico Remedies Limited,EQ,INE630Y01024,,local_data_nse_equity_list,2026-04-29
MEDPLUS,MEDPLUS.NS,Medplus Health Services Limited,EQ,INE804L01022,,local_data_nse_equity_list,2026-04-29
MEESHO,MEESHO.NS,Meesho Limited,EQ,INE0VDM01015,,local_data_nse_equity_list,2026-04-29
MEGASTAR,MEGASTAR.NS,Megastar Foods Limited,EQ,INE00EM01016,,local_data_nse_equity_list,2026-04-29
MEIL,MEIL.NS,Mangal Electrical Industries Limited,BE,INE0PKD01011,,local_data_nse_equity_list,2026-04-29
MENNPIS,MENNPIS.NS,Menon Pistons Limited,EQ,INE650G01029,,local_data_nse_equity_list,2026-04-29
MENONBE,MENONBE.NS,Menon Bearings Limited,EQ,INE071D01033,,local_data_nse_equity_list,2026-04-29
MEP,MEP.NS,MEP Infrastructure Developers Limited,BZ,INE776I01010,,local_data_nse_equity_list,2026-04-29
MERCANTILE,MERCANTILE.NS,Mercantile Ventures Limited,EQ,INE689O01013,,local_data_nse_equity_list,2026-04-29
METROBRAND,METROBRAND.NS,Metro Brands Limited,EQ,INE317I01021,,local_data_nse_equity_list,2026-04-29
METROGLOBL,METROGLOBL.NS,Metroglobal Limited,EQ,INE085D01033,,local_data_nse_equity_list,2026-04-29
METROPOLIS,METROPOLIS.NS,Metropolis Healthcare Limited,EQ,INE112L01020,,local_data_nse_equity_list,2026-04-29
MFML,MFML.NS,Mahalaxmi Fabric Mills Limited,EQ,INE0US801024,,local_data_nse_equity_list,2026-04-29
MFSL,MFSL.NS,Max Financial Services Limited,EQ,INE180A01020,,local_data_nse_equity_list,2026-04-29
MGEL,MGEL.NS,Mangalam Global Enterprise Limited,EQ,INE0APB01032,,local_data_nse_equity_list,2026-04-29
MGL,MGL.NS,Mahanagar Gas Limited,EQ,INE002S01010,,local_data_nse_equity_list,2026-04-29
MHLXMIRU,MHLXMIRU.NS,Mahalaxmi Rubtech Limited,EQ,INE112D01035,,local_data_nse_equity_list,2026-04-29
MHRIL,MHRIL.NS,Mahindra Holidays & Resorts India Limited,EQ,INE998I01010,,local_data_nse_equity_list,2026-04-29
MICEL,MICEL.NS,MIC Electronics Limited,EQ,INE287C01037,,local_data_nse_equity_list,2026-04-29
MIDHANI,MIDHANI.NS,Mishra Dhatu Nigam Limited,EQ,INE099Z01011,,local_data_nse_equity_list,2026-04-29
MIDWESTLTD,MIDWESTLTD.NS,Midwest Limited,EQ,INE0XAD01024,,local_data_nse_equity_list,2026-04-29
MINDACORP,MINDACORP.NS,Minda Corporation Limited,EQ,INE842C01021,,local_data_nse_equity_list,2026-04-29
MINDTECK,MINDTECK.NS,Mindteck (India) Limited,EQ,INE110B01017,,local_data_nse_equity_list,2026-04-29
MIRCELECTR,MIRCELECTR.NS,MIRC Electronics Limited,EQ,INE831A01028,,local_data_nse_equity_list,2026-04-29
MIRZAINT,MIRZAINT.NS,Mirza International Limited,EQ,INE771A01026,,local_data_nse_equity_list,2026-04-29
MITCON,MITCON.NS,MITCON Consultancy & Engineering Services Limited,EQ,INE828O01033,,local_data_nse_equity_list,2026-04-29
MITTAL,MITTAL.NS,Mittal Life Style Limited,EQ,INE997Y01027,,local_data_nse_equity_list,2026-04-29
MKPL,MKPL.NS,M K Proteins Limited,EQ,INE964W01021,,local_data_nse_equity_list,2026-04-29
MMFL,MMFL.NS,MM Forgings Limited,EQ,INE227C01017,,local_data_nse_equity_list,2026-04-29
MMP,MMP.NS,MMP Industries Limited,EQ,INE511Y01018,,local_data_nse_equity_list,2026-04-29
MMTC,MMTC.NS,MMTC Limited,EQ,INE123F01029,,local_data_nse_equity_list,2026-04-29
MMWL,MMWL.NS,Media Matrix Worldwide Limited,EQ,INE200D01020,,local_data_nse_equity_list,2026-04-29
MOBIKWIK,MOBIKWIK.NS,One Mobikwik Systems Limited,EQ,INE0HLU01028,,local_data_nse_equity_list,2026-04-29
MODINATUR,MODINATUR.NS,Modi Naturals Limited,EQ,INE537F01012,,local_data_nse_equity_list,2026-04-29
MODIRUBBER,MODIRUBBER.NS,Modi Rubber Limited,EQ,INE832A01018,,local_data_nse_equity_list,2026-04-29
MODIS,MODIS.NS,Modis Navnirman Limited,EQ,INE0L0L01012,,local_data_nse_equity_list,2026-04-29
MODISONLTD,MODISONLTD.NS,MODISON LIMITED,EQ,INE737D01021,,local_data_nse_equity_list,2026-04-29
MODTHREAD,MODTHREAD.NS,Modern Threads (India) Limited,EQ,INE794W01014,,local_data_nse_equity_list,2026-04-29
MOHITIND,MOHITIND.NS,Mohit Industries Limited,EQ,INE954E01012,,local_data_nse_equity_list,2026-04-29
MOIL,MOIL.NS,MOIL Limited,EQ,INE490G01020,,local_data_nse_equity_list,2026-04-29
MOKSH,MOKSH.NS,Moksh Ornaments Limited,EQ,INE514Y01020,,local_data_nse_equity_list,2026-04-29
MOL,MOL.NS,Meghmani Organics Limited,EQ,INE0CT101020,,local_data_nse_equity_list,2026-04-29
MOLDTECH,MOLDTECH.NS,Mold-Tek Technologies Limited,EQ,INE835B01035,,local_data_nse_equity_list,2026-04-29
MOLDTKPAC,MOLDTKPAC.NS,Mold-Tek Packaging Limited,EQ,INE893J01029,,local_data_nse_equity_list,2026-04-29
MONARCH,MONARCH.NS,Monarch Networth Capital Limited,EQ,INE903D01011,,local_data_nse_equity_list,2026-04-29
MONEYBOXX,MONEYBOXX.NS,Moneyboxx Finance Limited,EQ,INE296Q01012,,local_data_nse_equity_list,2026-04-29
MONTECARLO,MONTECARLO.NS,Monte Carlo Fashions Limited,EQ,INE950M01013,,local_data_nse_equity_list,2026-04-29
MOREPENLAB,MOREPENLAB.NS,Morepen Laboratories Limited,EQ,INE083A01026,,local_data_nse_equity_list,2026-04-29
MOSCHIP,MOSCHIP.NS,Moschip Technologies Limited,EQ,INE935B01025,,local_data_nse_equity_list,2026-04-29
MOTHERSON,MOTHERSON.NS,Samvardhana Motherson International Limited,EQ,INE775A01035,,local_data_nse_equity_list,2026-04-29
MOTILALOFS,MOTILALOFS.NS,Motilal Oswal Financial Services Limited,EQ,INE338I01027,,local_data_nse_equity_list,2026-04-29
MOTISONS,MOTISONS.NS,Motisons Jewellers Limited,EQ,INE0FRK01020,,local_data_nse_equity_list,2026-04-29
MOTOGENFIN,MOTOGENFIN.NS,The Motor & General Finance Limited,EQ,INE861B01023,,local_data_nse_equity_list,2026-04-29
MPHASIS,MPHASIS.NS,MphasiS Limited,EQ,INE356A01018,,local_data_nse_equity_list,2026-04-29
MPSLTD,MPSLTD.NS,MPS Limited,EQ,INE943D01017,,local_data_nse_equity_list,2026-04-29
MRF,MRF.NS,MRF Limited,EQ,INE883A01011,,local_data_nse_equity_list,2026-04-29
MRPL,MRPL.NS,Mangalore Refinery and Petrochemicals Limited,EQ,INE103A01014,,local_data_nse_equity_list,2026-04-29
MSPL,MSPL.NS,MSP Steel & Power Limited,EQ,INE752G01015,,local_data_nse_equity_list,2026-04-29
MSTCLTD,MSTCLTD.NS,Mstc Limited,EQ,INE255X01014,,local_data_nse_equity_list,2026-04-29
MSUMI,MSUMI.NS,Motherson Sumi Wiring India Limited,EQ,INE0FS801015,,local_data_nse_equity_list,2026-04-29
MTARTECH,MTARTECH.NS,Mtar Technologies Limited,EQ,INE864I01014,,local_data_nse_equity_list,2026-04-29
MTEDUCARE,MTEDUCARE.NS,MT Educare Limited,BE,INE472M01018,,local_data_nse_equity_list,2026-04-29
MTNL,MTNL.NS,Mahanagar Telephone Nigam Limited,EQ,INE153A01019,,local_data_nse_equity_list,2026-04-29
MUFIN,MUFIN.NS,Mufin Green Finance Limited,EQ,INE08KJ01020,,local_data_nse_equity_list,2026-04-29
MUFTI,MUFTI.NS,Credo Brands Marketing Limited,EQ,INE220Q01020,,local_data_nse_equity_list,2026-04-29
MUKANDLTD,MUKANDLTD.NS,Mukand Limited,EQ,INE304A01026,,local_data_nse_equity_list,2026-04-29
MUKKA,MUKKA.NS,Mukka Proteins Limited,EQ,INE0CG401037,,local_data_nse_equity_list,2026-04-29
MUKTAARTS,MUKTAARTS.NS,Mukta Arts Limited,EQ,INE374B01019,,local_data_nse_equity_list,2026-04-29
MUNJALAU,MUNJALAU.NS,Munjal Auto Industries Limited,EQ,INE672B01032,,local_data_nse_equity_list,2026-04-29
MUNJALSHOW,MUNJALSHOW.NS,Munjal Showa Limited,EQ,INE577A01027,,local_data_nse_equity_list,2026-04-29
MURUDCERA,MURUDCERA.NS,Murudeshwar Ceramics Limited,EQ,INE692B01014,,local_data_nse_equity_list,2026-04-29
MUTHOOTCAP,MUTHOOTCAP.NS,Muthoot Capital Services Limited,EQ,INE296G01013,,local_data_nse_equity_list,2026-04-29
MUTHOOTFIN,MUTHOOTFIN.NS,Muthoot Finance Limited,EQ,INE414G01012,,local_data_nse_equity_list,2026-04-29
MUTHOOTMF,MUTHOOTMF.NS,Muthoot Microfin Limited,EQ,INE046W01019,,local_data_nse_equity_list,2026-04-29
MVGJL,MVGJL.NS,Manoj Vaibhav Gems N Jewellers Limited,EQ,INE0KNT01012,,local_data_nse_equity_list,2026-04-29
MWL,MWL.NS,Mangalam Worldwide Limited,EQ,INE0JYY01011,,local_data_nse_equity_list,2026-04-29
NACLIND,NACLIND.NS,NACL Industries Limited,EQ,INE295D01020,,local_data_nse_equity_list,2026-04-29
NAGAFERT,NAGAFERT.NS,Nagarjuna Fertilizers and Chemicals Limited,BZ,INE454M01024,,local_data_nse_equity_list,2026-04-29
NAGREEKCAP,NAGREEKCAP.NS,Nagreeka Capital & Infrastructure Limited,EQ,INE245I01016,,local_data_nse_equity_list,2026-04-29
NAGREEKEXP,NAGREEKEXP.NS,Nagreeka Exports Limited,EQ,INE123B01028,,local_data_nse_equity_list,2026-04-29
NAHARCAP,NAHARCAP.NS,Nahar Capital and Financial Services Limited,EQ,INE049I01012,,local_data_nse_equity_list,2026-04-29
NAHARINDUS,NAHARINDUS.NS,Nahar Industrial Enterprises Limited,EQ,INE289A01011,,local_data_nse_equity_list,2026-04-29
NAHARPOLY,NAHARPOLY.NS,Nahar Poly Films Limited,EQ,INE308A01027,,local_data_nse_equity_list,2026-04-29
NAHARSPING,NAHARSPING.NS,Nahar Spinning Mills Limited,BE,INE290A01027,,local_data_nse_equity_list,2026-04-29
NAM-INDIA,NAM-INDIA.NS,Nippon Life India Asset Management Limited,EQ,INE298J01013,,local_data_nse_equity_list,2026-04-29
NARMADA,NARMADA.NS,Narmada Agrobase Limited,EQ,INE117Z01011,,local_data_nse_equity_list,2026-04-29
NATCAPSUQ,NATCAPSUQ.NS,Natural Capsules Limited,EQ,INE936B01015,,local_data_nse_equity_list,2026-04-29
NATCOPHARM,NATCOPHARM.NS,Natco Pharma Limited,EQ,INE987B01026,,local_data_nse_equity_list,2026-04-29
NATHBIOGEN,NATHBIOGEN.NS,Nath Bio-Genes (India) Limited,EQ,INE448G01010,,local_data_nse_equity_list,2026-04-29
NATIONALUM,NATIONALUM.NS,National Aluminium Company Limited,EQ,INE139A01034,,local_data_nse_equity_list,2026-04-29
NATIONSTD,NATIONSTD.NS,National Standard (India) Limited,EQ,INE166R01015,,local_data_nse_equity_list,2026-04-29
NAUKRI,NAUKRI.NS,Info Edge (India) Limited,EQ,INE663F01032,,local_data_nse_equity_list,2026-04-29
NAVA,NAVA.NS,NAVA LIMITED,EQ,INE725A01030,,local_data_nse_equity_list,2026-04-29
NAVINFLUOR,NAVINFLUOR.NS,Navin Fluorine International Limited,EQ,INE048G01026,,local_data_nse_equity_list,2026-04-29
NAVKARCORP,NAVKARCORP.NS,Navkar Corporation Limited,EQ,INE278M01019,,local_data_nse_equity_list,2026-04-29
NAVKARURB,NAVKARURB.NS,Navkar Urbanstructure Limited,EQ,INE268H01044,,local_data_nse_equity_list,2026-04-29
NAVNETEDUL,NAVNETEDUL.NS,Navneet Education Limited,EQ,INE060A01024,,local_data_nse_equity_list,2026-04-29
NAZARA,NAZARA.NS,Nazara Technologies Limited,EQ,INE418L01047,,local_data_nse_equity_list,2026-04-29
NBCC,NBCC.NS,NBCC (India) Limited,EQ,INE095N01031,,local_data_nse_equity_list,2026-04-29
NBIFIN,NBIFIN.NS,N. B. I. Industrial Finance Company Limited,EQ,INE365I01020,,local_data_nse_equity_list,2026-04-29
NCC,NCC.NS,NCC Limited,EQ,INE868B01028,,local_data_nse_equity_list,2026-04-29
NCLIND,NCLIND.NS,NCL Industries Limited,EQ,INE732C01016,,local_data_nse_equity_list,2026-04-29
NDGL,NDGL.NS,Naga Dhunseri Group Limited,EQ,INE756C01015,,local_data_nse_equity_list,2026-04-29
NDL,NDL.NS,Nandan Denim Limited,EQ,INE875G01048,,local_data_nse_equity_list,2026-04-29
NDLVENTURE,NDLVENTURE.NS,NDL Ventures Limited,EQ,INE353A01023,,local_data_nse_equity_list,2026-04-29
NDRAUTO,NDRAUTO.NS,Ndr Auto Components Limited,EQ,INE07OG01012,,local_data_nse_equity_list,2026-04-29
NDTV,NDTV.NS,New Delhi Television Limited,EQ,INE155G01029,,local_data_nse_equity_list,2026-04-29
NEAGI,NEAGI.NS,Neelamalai Agro Industries Limited,EQ,INE605D01012,,local_data_nse_equity_list,2026-04-29
NECCLTD,NECCLTD.NS,North Eastern Carrying Corporation Limited,EQ,INE553C01016,,local_data_nse_equity_list,2026-04-29
NECLIFE,NECLIFE.NS,Nectar Lifesciences Limited,EQ,INE023H01027,,local_data_nse_equity_list,2026-04-29
NELCAST,NELCAST.NS,Nelcast Limited,EQ,INE189I01024,,local_data_nse_equity_list,2026-04-29
NELCO,NELCO.NS,NELCO Limited,EQ,INE045B01015,,local_data_nse_equity_list,2026-04-29
NEOGEN,NEOGEN.NS,Neogen Chemicals Limited,EQ,INE136S01016,,local_data_nse_equity_list,2026-04-29
NEPHROPLUS,NEPHROPLUS.NS,Nephrocare Health Services Limited,EQ,INE428V01029,,local_data_nse_equity_list,2026-04-29
NESCO,NESCO.NS,Nesco Limited,EQ,INE317F01035,,local_data_nse_equity_list,2026-04-29
NESTLEIND,NESTLEIND.NS,Nestle India Limited,EQ,INE239A01024,,local_data_nse_equity_list,2026-04-29
NETWEB,NETWEB.NS,Netweb Technologies India Limited,EQ,INE0NT901020,,local_data_nse_equity_list,2026-04-29
NETWORK18,NETWORK18.NS,Network18 Media & Investments Limited,EQ,INE870H01013,,local_data_nse_equity_list,2026-04-29
NEULANDLAB,NEULANDLAB.NS,Neuland Laboratories Limited,EQ,INE794A01010,,local_data_nse_equity_list,2026-04-29
NEWGEN,NEWGEN.NS,Newgen Software Technologies Limited,EQ,INE619B01017,,local_data_nse_equity_list,2026-04-29
NEXTMEDIA,NEXTMEDIA.NS,Next Mediaworks Limited,EQ,INE747B01016,,local_data_nse_equity_list,2026-04-29
NFL,NFL.NS,National Fertilizers Limited,EQ,INE870D01012,,local_data_nse_equity_list,2026-04-29
NGIL,NGIL.NS,Nakoda Group of Industries Limited,EQ,INE236Y01012,,local_data_nse_equity_list,2026-04-29
NGLFINE,NGLFINE.NS,NGL Fine-Chem Limited,EQ,INE887E01022,,local_data_nse_equity_list,2026-04-29
NH,NH.NS,Narayana Hrudayalaya Ltd.,EQ,INE410P01011,,local_data_nse_equity_list,2026-04-29
NHPC,NHPC.NS,NHPC Limited,EQ,INE848E01016,,local_data_nse_equity_list,2026-04-29
NIACL,NIACL.NS,The New India Assurance Company Limited,EQ,INE470Y01017,,local_data_nse_equity_list,2026-04-29
NIBE,NIBE.NS,NIBE Limited,EQ,INE149O01018,,local_data_nse_equity_list,2026-04-29
NIBL,NIBL.NS,NRB Industrial Bearings Limited,EQ,INE047O01014,,local_data_nse_equity_list,2026-04-29
NIITLTD,NIITLTD.NS,NIIT Limited,EQ,INE161A01038,,local_data_nse_equity_list,2026-04-29
NIITMTS,NIITMTS.NS,NIIT Learning Systems Limited,EQ,INE342G01023,,local_data_nse_equity_list,2026-04-29
NILAINFRA,NILAINFRA.NS,Nila Infrastructures Limited,EQ,INE937C01029,,local_data_nse_equity_list,2026-04-29
NILASPACES,NILASPACES.NS,Nila Spaces Limited,EQ,INE00S901012,,local_data_nse_equity_list,2026-04-29
NILE,NILE.NS,Nile Limited,EQ,INE445D01013,,local_data_nse_equity_list,2026-04-29
NILKAMAL,NILKAMAL.NS,Nilkamal Limited,EQ,INE310A01015,,local_data_nse_equity_list,2026-04-29
NIMBSPROJ,NIMBSPROJ.NS,Nimbus Projects Limited,EQ,INE875B01015,,local_data_nse_equity_list,2026-04-29
NINSYS,NINSYS.NS,NINtec Systems Limited,EQ,INE395U01014,,local_data_nse_equity_list,2026-04-29
NIPPOBATRY,NIPPOBATRY.NS,Indo-National Limited,EQ,INE567A01028,,local_data_nse_equity_list,2026-04-29
NIRAJ,NIRAJ.NS,Niraj Cement Structurals Limited,EQ,INE368I01016,,local_data_nse_equity_list,2026-04-29
NIRAJISPAT,NIRAJISPAT.NS,Niraj Ispat Industries Limited,BE,INE326T01011,,local_data_nse_equity_list,2026-04-29
NIRLON,NIRLON.NS,Nirlon Limited,EQ,INE910A01012,,local_data_nse_equity_list,2026-04-29
NITCO,NITCO.NS,Nitco Limited,EQ,INE858F01012,,local_data_nse_equity_list,2026-04-29
NITINSPIN,NITINSPIN.NS,Nitin Spinners Limited,EQ,INE229H01012,,local_data_nse_equity_list,2026-04-29
NITIRAJ,NITIRAJ.NS,Nitiraj Engineers Limited,EQ,INE439T01012,,local_data_nse_equity_list,2026-04-29
NITTAGELA,NITTAGELA.NS,Nitta Gelatin India Limited,EQ,INE265B01019,,local_data_nse_equity_list,2026-04-29
NIVABUPA,NIVABUPA.NS,Niva Bupa Health Insurance Company Limited,EQ,INE995S01015,,local_data_nse_equity_list,2026-04-29
NKIND,NKIND.NS,NK Industries Limited,EQ,INE542C01019,,local_data_nse_equity_list,2026-04-29
NLCINDIA,NLCINDIA.NS,NLC India Limited,EQ,INE589A01014,,local_data_nse_equity_list,2026-04-29
NMDC,NMDC.NS,NMDC Limited,EQ,INE584A01023,,local_data_nse_equity_list,2026-04-29
NOCIL,NOCIL.NS,NOCIL Limited,EQ,INE163A01018,,local_data_nse_equity_list,2026-04-29
NOIDATOLL,NOIDATOLL.NS,Noida Toll Bridge Company Limited,EQ,INE781B01015,,local_data_nse_equity_list,2026-04-29
NORBTEAEXP,NORBTEAEXP.NS,Norben Tea & Exports Limited,EQ,INE369C01017,,local_data_nse_equity_list,2026-04-29
NORTHARC,NORTHARC.NS,Northern Arc Capital Limited,EQ,INE850M01015,,local_data_nse_equity_list,2026-04-29
NOVAAGRI,NOVAAGRI.NS,Nova Agritech Limited,EQ,INE02H701025,,local_data_nse_equity_list,2026-04-29
NOVARTIND,NOVARTIND.NS,Novartis India Limited,EQ,INE234A01025,,local_data_nse_equity_list,2026-04-29
NPST,NPST.NS,Network People Services Technologies Limited,EQ,INE0FFK01017,,local_data_nse_equity_list,2026-04-29
NRAIL,NRAIL.NS,N R Agarwal Industries Limited,EQ,INE740D01017,,local_data_nse_equity_list,2026-04-29
NRBBEARING,NRBBEARING.NS,NRB Bearing Limited,EQ,INE349A01021,,local_data_nse_equity_list,2026-04-29
NRL,NRL.NS,Nupur Recyclers Limited,EQ,INE0JM501013,,local_data_nse_equity_list,2026-04-29
NSIL,NSIL.NS,Nalwa Sons Investments Limited,EQ,INE023A01030,,local_data_nse_equity_list,2026-04-29
NSLNISP,NSLNISP.NS,NMDC Steel Limited,EQ,INE0NNS01018,,local_data_nse_equity_list,2026-04-29
NTPC,NTPC.NS,NTPC Limited,EQ,INE733E01010,,local_data_nse_equity_list,2026-04-29
NTPCGREEN,NTPCGREEN.NS,NTPC Green Energy Limited,EQ,INE0ONG01011,,local_data_nse_equity_list,2026-04-29
NUCLEUS,NUCLEUS.NS,Nucleus Software Exports Limited,EQ,INE096B01018,,local_data_nse_equity_list,2026-04-29
NURECA,NURECA.NS,Nureca Limited,EQ,INE0DSF01015,,local_data_nse_equity_list,2026-04-29
NUVAMA,NUVAMA.NS,Nuvama Wealth Management Limited,EQ,INE531F01023,,local_data_nse_equity_list,2026-04-29
NUVOCO,NUVOCO.NS,Nuvoco Vistas Corporation Limited,EQ,INE118D01016,,local_data_nse_equity_list,2026-04-29
NYKAA,NYKAA.NS,FSN E-Commerce Ventures Limited,EQ,INE388Y01029,,local_data_nse_equity_list,2026-04-29
OAL,OAL.NS,Oriental Aromatics Limited,EQ,INE959C01023,,local_data_nse_equity_list,2026-04-29
OBCL,OBCL.NS,Orissa Bengal Carrier Limited,EQ,INE426Z01016,,local_data_nse_equity_list,2026-04-29
OBEROIRLTY,OBEROIRLTY.NS,Oberoi Realty Limited,EQ,INE093I01010,,local_data_nse_equity_list,2026-04-29
OCCLLTD,OCCLLTD.NS,OCCL Limited,EQ,INE0PK601023,,local_data_nse_equity_list,2026-04-29
ODIGMA,ODIGMA.NS,Odigma Consultancy Solutions Limited,BE,INE054301028,,local_data_nse_equity_list,2026-04-29
OFSS,OFSS.NS,Oracle Financial Services Software Limited,EQ,INE881D01027,,local_data_nse_equity_list,2026-04-29
OIL,OIL.NS,Oil India Limited,EQ,INE274J01014,,local_data_nse_equity_list,2026-04-29
OILCOUNTUB,OILCOUNTUB.NS,Oil Country Tubular Limited,EQ,INE591A01010,,local_data_nse_equity_list,2026-04-29
OLAELEC,OLAELEC.NS,Ola Electric Mobility Limited,EQ,INE0LXG01040,,local_data_nse_equity_list,2026-04-29
OLECTRA,OLECTRA.NS,Olectra Greentech Limited,EQ,INE260D01016,,local_data_nse_equity_list,2026-04-29
OMAXAUTO,OMAXAUTO.NS,Omax Autos Limited,EQ,INE090B01011,,local_data_nse_equity_list,2026-04-29
OMAXE,OMAXE.NS,Omaxe Limited,EQ,INE800H01010,,local_data_nse_equity_list,2026-04-29
OMFREIGHT,OMFREIGHT.NS,Om Freight Forwarders Limited,EQ,INE1BZC01019,,local_data_nse_equity_list,2026-04-29
OMINFRAL,OMINFRAL.NS,OM INFRA LIMITED,EQ,INE239D01028,,local_data_nse_equity_list,2026-04-29
OMKARCHEM,OMKARCHEM.NS,Omkar Speciality Chemicals Limited,BZ,INE474L01016,,local_data_nse_equity_list,2026-04-29
OMNI,OMNI.NS,Omnitech Engineering Limited,EQ,INE0UH301010,,local_data_nse_equity_list,2026-04-29
OMPOWER,OMPOWER.NS,Om Power Transmission Limited,BE,INE25E901019,,local_data_nse_equity_list,2026-04-29
ONELIFECAP,ONELIFECAP.NS,Onelife Capital Advisors Limited,EQ,INE912L01015,,local_data_nse_equity_list,2026-04-29
ONEPOINT,ONEPOINT.NS,One Point One Solutions Limited,EQ,INE840Y01029,,local_data_nse_equity_list,2026-04-29
ONESOURCE,ONESOURCE.NS,Onesource Specialty Pharma Limited,EQ,INE013P01021,,local_data_nse_equity_list,2026-04-29
ONGC,ONGC.NS,Oil & Natural Gas Corporation Limited,EQ,INE213A01029,,local_data_nse_equity_list,2026-04-29
ONMOBILE,ONMOBILE.NS,OnMobile Global Limited,EQ,INE809I01019,,local_data_nse_equity_list,2026-04-29
ONWARDTEC,ONWARDTEC.NS,Onward Technologies Limited,EQ,INE229A01017,,local_data_nse_equity_list,2026-04-29
OPTIEMUS,OPTIEMUS.NS,Optiemus Infracom Limited,EQ,INE350C01017,,local_data_nse_equity_list,2026-04-29
ORBTEXP,ORBTEXP.NS,Orbit Exports Limited,EQ,INE231G01010,,local_data_nse_equity_list,2026-04-29
ORCHASP,ORCHASP.NS,Orchasp Limited,EQ,INE215B01022,,local_data_nse_equity_list,2026-04-29
ORCHPHARMA,ORCHPHARMA.NS,Orchid Pharma Limited,EQ,INE191A01027,,local_data_nse_equity_list,2026-04-29
ORICONENT,ORICONENT.NS,Oricon Enterprises Limited,EQ,INE730A01022,,local_data_nse_equity_list,2026-04-29
ORIENTALTL,ORIENTALTL.NS,Oriental Trimex Limited,EQ,INE998H01012,,local_data_nse_equity_list,2026-04-29
ORIENTBELL,ORIENTBELL.NS,Orient Bell Limited,EQ,INE607D01018,,local_data_nse_equity_list,2026-04-29
ORIENTCEM,ORIENTCEM.NS,Orient Cement Limited,EQ,INE876N01018,,local_data_nse_equity_list,2026-04-29
ORIENTCER,ORIENTCER.NS,ORIENT CERATECH LIMITED,EQ,INE569C01020,,local_data_nse_equity_list,2026-04-29
ORIENTELEC,ORIENTELEC.NS,Orient Electric Limited,EQ,INE142Z01019,,local_data_nse_equity_list,2026-04-29
ORIENTHOT,ORIENTHOT.NS,Oriental Hotels Limited,EQ,INE750A01020,,local_data_nse_equity_list,2026-04-29
ORIENTLTD,ORIENTLTD.NS,Orient Press Limited,EQ,INE609C01024,,local_data_nse_equity_list,2026-04-29
ORIENTPPR,ORIENTPPR.NS,Orient Paper & Industries Limited,EQ,INE592A01026,,local_data_nse_equity_list,2026-04-29
ORIENTTECH,ORIENTTECH.NS,Orient Technologies Limited,EQ,INE0PPK01015,,local_data_nse_equity_list,2026-04-29
ORISSAMINE,ORISSAMINE.NS,The Orissa Minerals Development Company Limited,EQ,INE725E01024,,local_data_nse_equity_list,2026-04-29
ORKLAINDIA,ORKLAINDIA.NS,Orkla India Limited,EQ,INE16NZ01023,,local_data_nse_equity_list,2026-04-29
ORTEL,ORTEL.NS,Ortel Communications Limited,BZ,INE849L01019,,local_data_nse_equity_list,2026-04-29
ORTINGLOBE,ORTINGLOBE.NS,ORTIN GLOBAL LIMITED,BE,INE749B01020,,local_data_nse_equity_list,2026-04-29
OSIAHYPER,OSIAHYPER.NS,Osia Hyper Retail Limited,EQ,INE06IR01021,,local_data_nse_equity_list,2026-04-29
OSWALAGRO,OSWALAGRO.NS,Oswal Agro Mills Limited,BE,INE142A01012,,local_data_nse_equity_list,2026-04-29
OSWALGREEN,OSWALGREEN.NS,Oswal Greentech Limited,EQ,INE143A01010,,local_data_nse_equity_list,2026-04-29
OSWALPUMPS,OSWALPUMPS.NS,Oswal Pumps Limited,EQ,INE0BYP01024,,local_data_nse_equity_list,2026-04-29
OSWALSEEDS,OSWALSEEDS.NS,ShreeOswal Seeds And Chemicals Limited,EQ,INE00IK01029,,local_data_nse_equity_list,2026-04-29
PACEDIGITK,PACEDIGITK.NS,Pace Digitek Limited,EQ,INE0S3G01027,,local_data_nse_equity_list,2026-04-29
PAGEIND,PAGEIND.NS,Page Industries Limited,EQ,INE761H01022,,local_data_nse_equity_list,2026-04-29
PAISALO,PAISALO.NS,Paisalo Digital Limited,EQ,INE420C01059,,local_data_nse_equity_list,2026-04-29
PAKKA,PAKKA.NS,PAKKA LIMITED,EQ,INE551D01018,,local_data_nse_equity_list,2026-04-29
PALASHSECU,PALASHSECU.NS,Palash Securities Limited,EQ,INE471W01019,,local_data_nse_equity_list,2026-04-29
PALREDTEC,PALREDTEC.NS,Palred Technologies Limited,EQ,INE218G01033,,local_data_nse_equity_list,2026-04-29
PANACEABIO,PANACEABIO.NS,Panacea Biotec Limited,EQ,INE922B01023,,local_data_nse_equity_list,2026-04-29
PANACHE,PANACHE.NS,Panache Digilife Limited,BE,INE895W01019,,local_data_nse_equity_list,2026-04-29
PANAMAPET,PANAMAPET.NS,Panama Petrochem Limited,EQ,INE305C01029,,local_data_nse_equity_list,2026-04-29
PANSARI,PANSARI.NS,Pansari Developers Limited,EQ,INE697V01011,,local_data_nse_equity_list,2026-04-29
PAR,PAR.NS,Par Drugs And Chemicals Limited,EQ,INE04LG01015,,local_data_nse_equity_list,2026-04-29
PARACABLES,PARACABLES.NS,Paramount Communications Limited,EQ,INE074B01023,,local_data_nse_equity_list,2026-04-29
PARADEEP,PARADEEP.NS,Paradeep Phosphates Limited,EQ,INE088F01024,,local_data_nse_equity_list,2026-04-29
PARAGMILK,PARAGMILK.NS,Parag Milk Foods Limited,EQ,INE883N01014,,local_data_nse_equity_list,2026-04-29
PARAS,PARAS.NS,Paras Defence and Space Technologies Limited,EQ,INE045601023,,local_data_nse_equity_list,2026-04-29
PARASPETRO,PARASPETRO.NS,Paras Petrofils Limited,BE,INE162C01024,,local_data_nse_equity_list,2026-04-29
PARKHOSPS,PARKHOSPS.NS,Park Medi World Limited,EQ,INE119201023,,local_data_nse_equity_list,2026-04-29
PARKHOTELS,PARKHOTELS.NS,Apeejay Surrendra Park Hotels Limited,EQ,INE988S01028,,local_data_nse_equity_list,2026-04-29
PARSVNATH,PARSVNATH.NS,Parsvnath Developers Limited,BE,INE561H01026,,local_data_nse_equity_list,2026-04-29
PASHUPATI,PASHUPATI.NS,Pashupati Cotspin Limited,EQ,INE124Y01028,,local_data_nse_equity_list,2026-04-29
PASUPTAC,PASUPTAC.NS,Pasupati Acrylon Limited,EQ,INE818B01023,,local_data_nse_equity_list,2026-04-29
PATANJALI,PATANJALI.NS,Patanjali Foods Limited,EQ,INE619A01035,,local_data_nse_equity_list,2026-04-29
PATELENG,PATELENG.NS,Patel Engineering Limited,EQ,INE244B01030,,local_data_nse_equity_list,2026-04-29
PATELRMART,PATELRMART.NS,Patel Retail Limited,EQ,INE0R8B01010,,local_data_nse_equity_list,2026-04-29
PATINTLOG,PATINTLOG.NS,Patel Integrated Logistics Limited,EQ,INE529D01014,,local_data_nse_equity_list,2026-04-29
PAUSHAKLTD,PAUSHAKLTD.NS,Paushak Limited,EQ,INE111F01024,,local_data_nse_equity_list,2026-04-29
PAVNAIND,PAVNAIND.NS,Pavna Industries Limited,BE,INE07S101038,,local_data_nse_equity_list,2026-04-29
PAYTM,PAYTM.NS,One 97 Communications Limited,EQ,INE982J01020,,local_data_nse_equity_list,2026-04-29
PCBL,PCBL.NS,PCBL Chemical Limited,EQ,INE602A01031,,local_data_nse_equity_list,2026-04-29
PCJEWELLER,PCJEWELLER.NS,PC Jeweller Limited,EQ,INE785M01021,,local_data_nse_equity_list,2026-04-29
PDMJEPAPER,PDMJEPAPER.NS,Pudumjee Paper Products Limited,EQ,INE865T01018,,local_data_nse_equity_list,2026-04-29
PDSL,PDSL.NS,PDS Limited,EQ,INE111Q01021,,local_data_nse_equity_list,2026-04-29
PEARLPOLY,PEARLPOLY.NS,Pearl Polymers Limited,BE,INE844A01013,,local_data_nse_equity_list,2026-04-29
PENIND,PENIND.NS,Pennar Industries Limited,EQ,INE932A01024,,local_data_nse_equity_list,2026-04-29
PENINLAND,PENINLAND.NS,Peninsula Land Limited,BE,INE138A01028,,local_data_nse_equity_list,2026-04-29
PERSISTENT,PERSISTENT.NS,Persistent Systems Limited,EQ,INE262H01021,,local_data_nse_equity_list,2026-04-29
PETRONET,PETRONET.NS,Petronet LNG Limited,EQ,INE347G01014,,local_data_nse_equity_list,2026-04-29
PFC,PFC.NS,Power Finance Corporation Limited,EQ,INE134E01011,,local_data_nse_equity_list,2026-04-29
PFIZER,PFIZER.NS,Pfizer Limited,EQ,INE182A01018,,local_data_nse_equity_list,2026-04-29
PFOCUS,PFOCUS.NS,Prime Focus Limited,EQ,INE367G01038,,local_data_nse_equity_list,2026-04-29
PFS,PFS.NS,PTC India Financial Services Limited,EQ,INE560K01014,,local_data_nse_equity_list,2026-04-29
PGEL,PGEL.NS,PG Electroplast Limited,EQ,INE457L01029,,local_data_nse_equity_list,2026-04-29
PGHH,PGHH.NS,Procter & Gamble Hygiene and Health Care Limited,EQ,INE179A01014,,local_data_nse_equity_list,2026-04-29
PGHL,PGHL.NS,Procter & Gamble Health Limited,EQ,INE199A01012,,local_data_nse_equity_list,2026-04-29
PGIL,PGIL.NS,Pearl Global Industries Limited,EQ,INE940H01022,,local_data_nse_equity_list,2026-04-29
PHOENIXLTD,PHOENIXLTD.NS,The Phoenix Mills Limited,EQ,INE211B01039,,local_data_nse_equity_list,2026-04-29
PICCADIL,PICCADIL.NS,Piccadily Agro Industries Limited,EQ,INE546C01010,,local_data_nse_equity_list,2026-04-29
PIDILITIND,PIDILITIND.NS,Pidilite Industries Limited,EQ,INE318A01026,,local_data_nse_equity_list,2026-04-29
PIGL,PIGL.NS,Power & Instrumentation (Gujarat) Limited,EQ,INE557Z01018,,local_data_nse_equity_list,2026-04-29
PIIND,PIIND.NS,PI Industries Limited,EQ,INE603J01030,,local_data_nse_equity_list,2026-04-29
PILANIINVS,PILANIINVS.NS,Pilani Investment and Industries Corporation Limited,EQ,INE417C01014,,local_data_nse_equity_list,2026-04-29
PILITA,PILITA.NS,PIL ITALICA LIFESTYLE LIMITED,EQ,INE600A01035,,local_data_nse_equity_list,2026-04-29
PINELABS,PINELABS.NS,Pine Labs Limited,EQ,INE15B701018,,local_data_nse_equity_list,2026-04-29
PIONEEREMB,PIONEEREMB.NS,Pioneer Embroideries Limited,EQ,INE156C01018,,local_data_nse_equity_list,2026-04-29
PIONRINV,PIONRINV.NS,Pioneer Investcorp Limited,EQ,INE746D01014,,local_data_nse_equity_list,2026-04-29
PIRAMALFIN,PIRAMALFIN.NS,Piramal Finance Limited,EQ,INE202B01038,,local_data_nse_equity_list,2026-04-29
PITTIENG,PITTIENG.NS,Pitti Engineering Limited,EQ,INE450D01021,,local_data_nse_equity_list,2026-04-29
PIXTRANS,PIXTRANS.NS,Pix Transmissions Limited,EQ,INE751B01018,,local_data_nse_equity_list,2026-04-29
PKTEA,PKTEA.NS,The Peria Karamalai Tea & Produce Company Limited,EQ,INE431F01018,,local_data_nse_equity_list,2026-04-29
PLASTIBLEN,PLASTIBLEN.NS,Plastiblends India Limited,EQ,INE083C01022,,local_data_nse_equity_list,2026-04-29
PLATIND,PLATIND.NS,Platinum Industries Limited,EQ,INE0PT501018,,local_data_nse_equity_list,2026-04-29
PLAZACABLE,PLAZACABLE.NS,Plaza Wires Limited,EQ,INE0INJ01017,,local_data_nse_equity_list,2026-04-29
PML,PML.NS,Paul Merchants Limited,EQ,INE291E01019,,local_data_nse_equity_list,2026-04-29
PNB,PNB.NS,Punjab National Bank,EQ,INE160A01022,,local_data_nse_equity_list,2026-04-29
PNBGILTS,PNBGILTS.NS,PNB Gilts Limited,EQ,INE859A01011,,local_data_nse_equity_list,2026-04-29
PNBHOUSING,PNBHOUSING.NS,PNB Housing Finance Limited,EQ,INE572E01012,,local_data_nse_equity_list,2026-04-29
PNC,PNC.NS,Pritish Nandy Communications Limited,BE,INE392B01011,,local_data_nse_equity_list,2026-04-29
PNCINFRA,PNCINFRA.NS,PNC Infratech Limited,EQ,INE195J01029,,local_data_nse_equity_list,2026-04-29
PNGJL,PNGJL.NS,P N Gadgil Jewellers Limited,EQ,INE953R01016,,local_data_nse_equity_list,2026-04-29
PNGSREVA,PNGSREVA.NS,PNGS Reva Diamond Jewellery Limited,EQ,INE1RDG01013,,local_data_nse_equity_list,2026-04-29
POCL,POCL.NS,Pondy Oxides & Chemicals Limited,EQ,INE063E01053,,local_data_nse_equity_list,2026-04-29
PODDARMENT,PODDARMENT.NS,Poddar Pigments Limited,EQ,INE371C01013,,local_data_nse_equity_list,2026-04-29
POKARNA,POKARNA.NS,Pokarna Limited,EQ,INE637C01025,,local_data_nse_equity_list,2026-04-29
POLICYBZR,POLICYBZR.NS,PB Fintech Limited,EQ,INE417T01026,,local_data_nse_equity_list,2026-04-29
POLYCAB,POLYCAB.NS,Polycab India Limited,EQ,INE455K01017,,local_data_nse_equity_list,2026-04-29
POLYMED,POLYMED.NS,Poly Medicure Limited,EQ,INE205C01021,,local_data_nse_equity_list,2026-04-29
POLYPLEX,POLYPLEX.NS,Polyplex Corporation Limited,EQ,INE633B01018,,local_data_nse_equity_list,2026-04-29
PONNIERODE,PONNIERODE.NS,Ponni Sugars (Erode) Limited,EQ,INE838E01017,,local_data_nse_equity_list,2026-04-29
POONAWALLA,POONAWALLA.NS,Poonawalla Fincorp Limited,EQ,INE511C01022,,local_data_nse_equity_list,2026-04-29
POWERGRID,POWERGRID.NS,Power Grid Corporation of India Limited,EQ,INE752E01010,,local_data_nse_equity_list,2026-04-29
POWERICA,POWERICA.NS,Powerica Limited,EQ,INE921L01032,,local_data_nse_equity_list,2026-04-29
POWERINDIA,POWERINDIA.NS,Hitachi Energy India Limited,EQ,INE07Y701011,,local_data_nse_equity_list,2026-04-29
POWERMECH,POWERMECH.NS,Power Mech Projects Limited,EQ,INE211R01019,,local_data_nse_equity_list,2026-04-29
PPAP,PPAP.NS,PPAP Automotive Limited,EQ,INE095I01015,,local_data_nse_equity_list,2026-04-29
PPL,PPL.NS,Prakash Pipes Limited,EQ,INE050001010,,local_data_nse_equity_list,2026-04-29
PPLPHARMA,PPLPHARMA.NS,Piramal Pharma Limited,EQ,INE0DK501011,,local_data_nse_equity_list,2026-04-29
PRABHA,PRABHA.NS,Prabha Energy Limited,EQ,INE0I0M01023,,local_data_nse_equity_list,2026-04-29
PRADPME,PRADPME.NS,Pradeep Metals Limited,EQ,INE770A01010,,local_data_nse_equity_list,2026-04-29
PRAENG,PRAENG.NS,Prajay Engineers Syndicate Limited,EQ,INE505C01016,,local_data_nse_equity_list,2026-04-29
PRAJIND,PRAJIND.NS,Praj Industries Limited,EQ,INE074A01025,,local_data_nse_equity_list,2026-04-29
PRAKASH,PRAKASH.NS,Prakash Industries Limited,EQ,INE603A01013,,local_data_nse_equity_list,2026-04-29
PRAKASHSTL,PRAKASHSTL.NS,Prakash Steelage Limited,EQ,INE696K01024,,local_data_nse_equity_list,2026-04-29
PRAVEG,PRAVEG.NS,Praveg Limited,EQ,INE722B01019,,local_data_nse_equity_list,2026-04-29
PRAXIS,PRAXIS.NS,Praxis Home Retail Limited,EQ,INE546Y01022,,local_data_nse_equity_list,2026-04-29
PRECAM,PRECAM.NS,Precision Camshafts Limited,EQ,INE484I01029,,local_data_nse_equity_list,2026-04-29
PRECOT,PRECOT.NS,Precot Limited,BE,INE283A01014,,local_data_nse_equity_list,2026-04-29
PRECWIRE,PRECWIRE.NS,Precision Wires India Limited,EQ,INE372C01037,,local_data_nse_equity_list,2026-04-29
PREMCO,PREMCO.NS,Premco Global Limited,EQ,INE001E01012,,local_data_nse_equity_list,2026-04-29
PREMEXPLN,PREMEXPLN.NS,Premier Explosives Limited,EQ,INE863B01029,,local_data_nse_equity_list,2026-04-29
PREMIER,PREMIER.NS,Premier Limited,BE,INE342A01018,,local_data_nse_equity_list,2026-04-29
PREMIERENE,PREMIERENE.NS,Premier Energies Limited,EQ,INE0BS701011,,local_data_nse_equity_list,2026-04-29
PREMIERPOL,PREMIERPOL.NS,Premier Polyfilm Limited,BE,INE309M01020,,local_data_nse_equity_list,2026-04-29
PRESTIGE,PRESTIGE.NS,Prestige Estates Projects Limited,EQ,INE811K01011,,local_data_nse_equity_list,2026-04-29
PRICOLLTD,PRICOLLTD.NS,Pricol Limited,EQ,INE726V01018,,local_data_nse_equity_list,2026-04-29
PRIMESECU,PRIMESECU.NS,Prime Securities Limited,EQ,INE032B01021,,local_data_nse_equity_list,2026-04-29
PRIMO,PRIMO.NS,Primo Chemicals Limited,EQ,INE607A01022,,local_data_nse_equity_list,2026-04-29
PRINCEPIPE,PRINCEPIPE.NS,Prince Pipes And Fittings Limited,EQ,INE689W01016,,local_data_nse_equity_list,2026-04-29
PRITI,PRITI.NS,Priti International Limited,BE,INE974Z01015,,local_data_nse_equity_list,2026-04-29
PRITIKAUTO,PRITIKAUTO.NS,Pritika Auto Industries Limited,EQ,INE583R01029,,local_data_nse_equity_list,2026-04-29
PRIVISCL,PRIVISCL.NS,Privi Speciality Chemicals Limited,EQ,INE959A01019,,local_data_nse_equity_list,2026-04-29
PROSTARM,PROSTARM.NS,Prostarm Info Systems Limited,EQ,INE0BX301013,,local_data_nse_equity_list,2026-04-29
PROTEAN,PROTEAN.NS,Protean eGov Technologies Limited,EQ,INE004A01022,,local_data_nse_equity_list,2026-04-29
PROZONER,PROZONER.NS,Prozone Realty Limited,EQ,INE195N01013,,local_data_nse_equity_list,2026-04-29
PRSMJOHNSN,PRSMJOHNSN.NS,Prism Johnson Limited,EQ,INE010A01011,,local_data_nse_equity_list,2026-04-29
PRUDENT,PRUDENT.NS,Prudent Corporate Advisory Services Limited,EQ,INE00F201020,,local_data_nse_equity_list,2026-04-29
PRUDMOULI,PRUDMOULI.NS,Prudential Sugar Corporation Limited,EQ,INE024D01016,,local_data_nse_equity_list,2026-04-29
PSB,PSB.NS,Punjab & Sind Bank,EQ,INE608A01012,,local_data_nse_equity_list,2026-04-29
PSPPROJECT,PSPPROJECT.NS,PSP Projects Limited,EQ,INE488V01015,,local_data_nse_equity_list,2026-04-29
PTC,PTC.NS,PTC India Limited,EQ,INE877F01012,,local_data_nse_equity_list,2026-04-29
PTCIL,PTCIL.NS,PTC Industries Limited,EQ,INE596F01018,,local_data_nse_equity_list,2026-04-29
PTL,PTL.NS,PTL Enterprises Limited,EQ,INE034D01049,,local_data_nse_equity_list,2026-04-29
PUNJABCHEM,PUNJABCHEM.NS,Punjab Chemicals & Crop Protection Limited,EQ,INE277B01014,,local_data_nse_equity_list,2026-04-29
PURVA,PURVA.NS,Puravankara Limited,EQ,INE323I01011,,local_data_nse_equity_list,2026-04-29
PVP,PVP.NS,PVP Ventures Limited,EQ,INE362A01016,,local_data_nse_equity_list,2026-04-29
PVRINOX,PVRINOX.NS,PVR INOX Limited,EQ,INE191H01014,,local_data_nse_equity_list,2026-04-29
PVSL,PVSL.NS,Popular Vehicles and Services Limited,EQ,INE772T01024,,local_data_nse_equity_list,2026-04-29
PWL,PWL.NS,Physicswallah Limited,EQ,INE0LP301011,,local_data_nse_equity_list,2026-04-29
PYRAMID,PYRAMID.NS,Pyramid Technoplast Limited,EQ,INE0MIS01010,,local_data_nse_equity_list,2026-04-29
QPOWER,QPOWER.NS,Quality Power Electrical Equipments Limited,EQ,INE0SII01026,,local_data_nse_equity_list,2026-04-29
QUADFUTURE,QUADFUTURE.NS,Quadrant Future Tek Limited,EQ,INE0LRY01011,,local_data_nse_equity_list,2026-04-29
QUESS,QUESS.NS,Quess Corp Limited,EQ,INE615P01015,,local_data_nse_equity_list,2026-04-29
QUICKHEAL,QUICKHEAL.NS,Quick Heal Technologies Limited,EQ,INE306L01010,,local_data_nse_equity_list,2026-04-29
QUINT,QUINT.NS,Quint Digital Limited,EQ,INE641R01017,,local_data_nse_equity_list,2026-04-29
RACE,RACE.NS,Race Eco Chain Limited,BE,INE084Q01012,,local_data_nse_equity_list,2026-04-29
RACLGEAR,RACLGEAR.NS,RACL Geartech Limited,EQ,INE704B01017,,local_data_nse_equity_list,2026-04-29
RADAAN,RADAAN.NS,Radaan Mediaworks India Limited,EQ,INE874F01027,,local_data_nse_equity_list,2026-04-29
RADHIKAJWE,RADHIKAJWE.NS,Radhika Jeweltech Limited,EQ,INE583V01021,,local_data_nse_equity_list,2026-04-29
RADIANTCMS,RADIANTCMS.NS,Radiant Cash Management Services Limited,EQ,INE855R01021,,local_data_nse_equity_list,2026-04-29
RADICO,RADICO.NS,Radico Khaitan Limited,EQ,INE944F01028,,local_data_nse_equity_list,2026-04-29
RADIOCITY,RADIOCITY.NS,Music Broadcast Limited,BE,INE919I01024,,local_data_nse_equity_list,2026-04-29
RAILTEL,RAILTEL.NS,Railtel Corporation Of India Limited,EQ,INE0DD101019,,local_data_nse_equity_list,2026-04-29
RAIN,RAIN.NS,Rain Industries Limited,EQ,INE855B01025,,local_data_nse_equity_list,2026-04-29
RAINBOW,RAINBOW.NS,Rainbow Childrens Medicare Limited,EQ,INE961O01016,,local_data_nse_equity_list,2026-04-29
RAJESHEXPO,RAJESHEXPO.NS,Rajesh Exports Limited,BZ,INE343B01030,,local_data_nse_equity_list,2026-04-29
RAJMET,RAJMET.NS,Rajnandini Metal Limited,BE,INE00KV01022,,local_data_nse_equity_list,2026-04-29
RAJOOENG,RAJOOENG.NS,Rajoo Engineers Limited,EQ,INE535F01024,,local_data_nse_equity_list,2026-04-29
RAJPALAYAM,RAJPALAYAM.NS,Rajapalayam Mills Limited,EQ,INE296E01026,,local_data_nse_equity_list,2026-04-29
RAJRATAN,RAJRATAN.NS,Rajratan Global Wire Limited,EQ,INE451D01029,,local_data_nse_equity_list,2026-04-29
RAJRILTD,RAJRILTD.NS,Raj Rayon Industries Limited,BE,INE533D01032,,local_data_nse_equity_list,2026-04-29
RAJSREESUG,RAJSREESUG.NS,Rajshree Sugars & Chemicals Limited,EQ,INE562B01019,,local_data_nse_equity_list,2026-04-29
RAJTV,RAJTV.NS,Raj Television Network Limited,EQ,INE952H01027,,local_data_nse_equity_list,2026-04-29
RALLIS,RALLIS.NS,Rallis India Limited,EQ,INE613A01020,,local_data_nse_equity_list,2026-04-29
RAMANEWS,RAMANEWS.NS,Shree Rama Newsprint Limited,EQ,INE278B01020,,local_data_nse_equity_list,2026-04-29
RAMAPHO,RAMAPHO.NS,Rama Phosphates Limited,EQ,INE809A01032,,local_data_nse_equity_list,2026-04-29
RAMASTEEL,RAMASTEEL.NS,Rama Steel Tubes Limited,EQ,INE230R01035,,local_data_nse_equity_list,2026-04-29
RAMCOCEM,RAMCOCEM.NS,The Ramco Cements Limited,EQ,INE331A01037,,local_data_nse_equity_list,2026-04-29
RAMCOIND,RAMCOIND.NS,Ramco Industries Limited,EQ,INE614A01028,,local_data_nse_equity_list,2026-04-29
RAMCOSYS,RAMCOSYS.NS,Ramco Systems Limited,EQ,INE246B01019,,local_data_nse_equity_list,2026-04-29
RAMKY,RAMKY.NS,Ramky Infrastructure Limited,EQ,INE874I01013,,local_data_nse_equity_list,2026-04-29
RAMRAT,RAMRAT.NS,Ram Ratna Wires Limited,EQ,INE207E01023,,local_data_nse_equity_list,2026-04-29
RANASUG,RANASUG.NS,Rana Sugars Limited,EQ,INE625B01014,,local_data_nse_equity_list,2026-04-29
RANEHOLDIN,RANEHOLDIN.NS,Rane Holdings Limited,EQ,INE384A01010,,local_data_nse_equity_list,2026-04-29
RATEGAIN,RATEGAIN.NS,Rategain Travel Technologies Limited,EQ,INE0CLI01024,,local_data_nse_equity_list,2026-04-29
RATNAMANI,RATNAMANI.NS,Ratnamani Metals & Tubes Limited,EQ,INE703B01027,,local_data_nse_equity_list,2026-04-29
RATNAVEER,RATNAVEER.NS,Ratnaveer Precision Engineering Limited,EQ,INE05CZ01011,,local_data_nse_equity_list,2026-04-29
RAYMOND,RAYMOND.NS,Raymond Limited,EQ,INE301A01014,,local_data_nse_equity_list,2026-04-29
RAYMONDLSL,RAYMONDLSL.NS,Raymond Lifestyle Limited,EQ,INE02ID01020,,local_data_nse_equity_list,2026-04-29
RAYMONDREL,RAYMONDREL.NS,Raymond Realty Limited,EQ,INE1SY401010,,local_data_nse_equity_list,2026-04-29
RBA,RBA.NS,Restaurant Brands Asia Limited,EQ,INE07T201019,,local_data_nse_equity_list,2026-04-29
RBLBANK,RBLBANK.NS,RBL Bank Limited,EQ,INE976G01028,,local_data_nse_equity_list,2026-04-29
RBZJEWEL,RBZJEWEL.NS,RBZ Jewellers Limited,EQ,INE0PEQ01016,,local_data_nse_equity_list,2026-04-29
RCF,RCF.NS,Rashtriya Chemicals and Fertilizers Limited,EQ,INE027A01015,,local_data_nse_equity_list,2026-04-29
RCOM,RCOM.NS,Reliance Communications Limited,BE,INE330H01018,,local_data_nse_equity_list,2026-04-29
RECLTD,RECLTD.NS,REC Limited,EQ,INE020B01018,,local_data_nse_equity_list,2026-04-29
REDINGTON,REDINGTON.NS,Redington Limited,EQ,INE891D01026,,local_data_nse_equity_list,2026-04-29
REDTAPE,REDTAPE.NS,Redtape Limited,EQ,INE0LXT01019,,local_data_nse_equity_list,2026-04-29
REFEX,REFEX.NS,Refex Industries Limited,EQ,INE056I01025,,local_data_nse_equity_list,2026-04-29
REGAAL,REGAAL.NS,Regaal Resources Limited,EQ,INE0MHO01029,,local_data_nse_equity_list,2026-04-29
REGENCERAM,REGENCERAM.NS,Regency Ceramics Limited,EQ,INE277C01012,,local_data_nse_equity_list,2026-04-29
RELAXO,RELAXO.NS,Relaxo Footwears Limited,EQ,INE131B01039,,local_data_nse_equity_list,2026-04-29
RELCHEMQ,RELCHEMQ.NS,Reliance Chemotex Industries Limited,EQ,INE750D01016,,local_data_nse_equity_list,2026-04-29
RELIABLE,RELIABLE.NS,Reliable Data Services Limited,EQ,INE375Y01018,,local_data_nse_equity_list,2026-04-29
RELIANCE,RELIANCE.NS,Reliance Industries Limited,EQ,INE002A01018,,local_data_nse_equity_list,2026-04-29
RELIGARE,RELIGARE.NS,Religare Enterprises Limited,EQ,INE621H01010,,local_data_nse_equity_list,2026-04-29
RELTD,RELTD.NS,Ravindra Energy Limited,EQ,INE206N01018,,local_data_nse_equity_list,2026-04-29
REMSONSIND,REMSONSIND.NS,Remsons Industries Limited,EQ,INE474C01023,,local_data_nse_equity_list,2026-04-29
RENUKA,RENUKA.NS,Shree Renuka Sugars Limited,EQ,INE087H01022,,local_data_nse_equity_list,2026-04-29
REPCOHOME,REPCOHOME.NS,Repco Home Finance Limited,EQ,INE612J01015,,local_data_nse_equity_list,2026-04-29
REPL,REPL.NS,Rudrabhishek Enterprises Limited,BE,INE364Z01019,,local_data_nse_equity_list,2026-04-29
REPRO,REPRO.NS,Repro India Limited,EQ,INE461B01014,,local_data_nse_equity_list,2026-04-29
RESPONIND,RESPONIND.NS,Responsive Industries Limited,EQ,INE688D01026,,local_data_nse_equity_list,2026-04-29
RETAIL,RETAIL.NS,JHS Svendgaard Retail Ventures Limited,EQ,INE03DD01011,,local_data_nse_equity_list,2026-04-29
RGL,RGL.NS,Renaissance Global Limited,EQ,INE722H01024,,local_data_nse_equity_list,2026-04-29
RHETAN,RHETAN.NS,Rhetan TMT Limited,EQ,INE0KKN01029,,local_data_nse_equity_list,2026-04-29
RHIM,RHIM.NS,RHI MAGNESITA INDIA LIMITED,EQ,INE743M01012,,local_data_nse_equity_list,2026-04-29
RHL,RHL.NS,Robust Hotels Limited,EQ,INE508K01013,,local_data_nse_equity_list,2026-04-29
RICOAUTO,RICOAUTO.NS,Rico Auto Industries Limited,EQ,INE209B01025,,local_data_nse_equity_list,2026-04-29
RIIL,RIIL.NS,Reliance Industrial Infrastructure Limited,EQ,INE046A01015,,local_data_nse_equity_list,2026-04-29
RISHABH,RISHABH.NS,Rishabh Instruments Limited,EQ,INE0N2P01017,,local_data_nse_equity_list,2026-04-29
RITCO,RITCO.NS,Ritco Logistics Limited,EQ,INE01EG01016,,local_data_nse_equity_list,2026-04-29
RITES,RITES.NS,RITES Limited,EQ,INE320J01015,,local_data_nse_equity_list,2026-04-29
RKDL,RKDL.NS,Ravi Kumar Distilleries Limited,EQ,INE722J01012,,local_data_nse_equity_list,2026-04-29
RKEC,RKEC.NS,RKEC Projects Limited,EQ,INE786W01010,,local_data_nse_equity_list,2026-04-29
RKFORGE,RKFORGE.NS,Ramkrishna Forgings Limited,EQ,INE399G01023,,local_data_nse_equity_list,2026-04-29
RKSWAMY,RKSWAMY.NS,R K Swamy Limited,EQ,INE0NQ801033,,local_data_nse_equity_list,2026-04-29
RMC,RMC.NS,RMC Switchgears Limited,BE,INE655V01019,,local_data_nse_equity_list,2026-04-29
RMDRIP,RMDRIP.NS,R M Drip and Sprinklers Systems Limited,EQ,INE219Y01026,,local_data_nse_equity_list,2026-04-29
RML,RML.NS,Rane (Madras) Limited,EQ,INE050H01012,,local_data_nse_equity_list,2026-04-29
RNBDENIMS,RNBDENIMS.NS,R&B Denims Limited,BE,INE012Q01039,,local_data_nse_equity_list,2026-04-29
ROHLTD,ROHLTD.NS,Royal Orchid Hotels Limited,EQ,INE283H01019,,local_data_nse_equity_list,2026-04-29
ROLEXRINGS,ROLEXRINGS.NS,Rolex Rings Limited,EQ,INE645S01024,,local_data_nse_equity_list,2026-04-29
ROLLT,ROLLT.NS,Rollatainers Limited,EQ,INE927A01040,,local_data_nse_equity_list,2026-04-29
ROML,ROML.NS,Raj Oil Mills Limited,EQ,INE294G01026,,local_data_nse_equity_list,2026-04-29
ROSSARI,ROSSARI.NS,Rossari Biotech Limited,EQ,INE02A801020,,local_data_nse_equity_list,2026-04-29
ROSSELLIND,ROSSELLIND.NS,Rossell India Limited,EQ,INE847C01020,,local_data_nse_equity_list,2026-04-29
ROSSTECH,ROSSTECH.NS,Rossell Techsys Limited,EQ,INE0OJW01016,,local_data_nse_equity_list,2026-04-29
ROTO,ROTO.NS,Roto Pumps Limited,EQ,INE535D01037,,local_data_nse_equity_list,2026-04-29
ROUTE,ROUTE.NS,ROUTE MOBILE LIMITED,EQ,INE450U01017,,local_data_nse_equity_list,2026-04-29
RPEL,RPEL.NS,Raghav Productivity Enhancers Limited,EQ,INE912T01018,,local_data_nse_equity_list,2026-04-29
RPGLIFE,RPGLIFE.NS,RPG Life Sciences Limited,EQ,INE105J01010,,local_data_nse_equity_list,2026-04-29
RPOWER,RPOWER.NS,Reliance Power Limited,EQ,INE614G01033,,local_data_nse_equity_list,2026-04-29
RPPINFRA,RPPINFRA.NS,R.P.P. Infra Projects Limited,EQ,INE324L01013,,local_data_nse_equity_list,2026-04-29
RPPL,RPPL.NS,Rajshree Polypack Limited,EQ,INE760W01023,,local_data_nse_equity_list,2026-04-29
RPSGVENT,RPSGVENT.NS,RPSG VENTURES LIMITED,EQ,INE425Y01011,,local_data_nse_equity_list,2026-04-29
RPTECH,RPTECH.NS,Rashi Peripherals Limited,EQ,INE0J1F01024,,local_data_nse_equity_list,2026-04-29
RRIL,RRIL.NS,RRIL Limited,EQ,INE951M01037,,local_data_nse_equity_list,2026-04-29
RRKABEL,RRKABEL.NS,R R Kabel Limited,EQ,INE777K01022,,local_data_nse_equity_list,2026-04-29
RSDFIN,RSDFIN.NS,RSD Finance Limited,EQ,INE616F01022,,local_data_nse_equity_list,2026-04-29
RSL,RSL.NS,Rajputana Stainless Limited,EQ,INE313L01016,,local_data_nse_equity_list,2026-04-29
RSSOFTWARE,RSSOFTWARE.NS,R. S. Software (India) Limited,BE,INE165B01029,,local_data_nse_equity_list,2026-04-29
RSWM,RSWM.NS,RSWM Limited,EQ,INE611A01016,,local_data_nse_equity_list,2026-04-29
RSYSTEMS,RSYSTEMS.NS,R Systems International Limited,EQ,INE411H01032,,local_data_nse_equity_list,2026-04-29
RTNINDIA,RTNINDIA.NS,RattanIndia Enterprises Limited,EQ,INE834M01019,,local_data_nse_equity_list,2026-04-29
RTNPOWER,RTNPOWER.NS,RattanIndia Power Limited,EQ,INE399K01017,,local_data_nse_equity_list,2026-04-29
RUBFILA,RUBFILA.NS,Rubfila International Limited,EQ,INE642C01025,,local_data_nse_equity_list,2026-04-29
RUBICON,RUBICON.NS,Rubicon Research Limited,EQ,INE506V01022,,local_data_nse_equity_list,2026-04-29
RUBYMILLS,RUBYMILLS.NS,The Ruby Mills Limited,EQ,INE301D01026,,local_data_nse_equity_list,2026-04-29
RUCHINFRA,RUCHINFRA.NS,Ruchi Infrastructure Limited,EQ,INE413B01023,,local_data_nse_equity_list,2026-04-29
RUCHIRA,RUCHIRA.NS,Ruchira Papers Limited,EQ,INE803H01014,,local_data_nse_equity_list,2026-04-29
RUDRA,RUDRA.NS,Rudra Global Infra Products Limited,BE,INE027T01023,,local_data_nse_equity_list,2026-04-29
RUPA,RUPA.NS,Rupa & Company Limited,EQ,INE895B01021,,local_data_nse_equity_list,2026-04-29
RUSHIL,RUSHIL.NS,Rushil Decor Limited,EQ,INE573K01025,,local_data_nse_equity_list,2026-04-29
RUSTOMJEE,RUSTOMJEE.NS,Keystone Realtors Limited,EQ,INE263M01029,,local_data_nse_equity_list,2026-04-29
RVHL,RVHL.NS,Ravinder Heights Limited,EQ,INE09E501017,,local_data_nse_equity_list,2026-04-29
RVNL,RVNL.NS,Rail Vikas Nigam Limited,EQ,INE415G01027,,local_data_nse_equity_list,2026-04-29
RVTH,RVTH.NS,Revathi Equipment India Limited,EQ,INE0DAB01012,,local_data_nse_equity_list,2026-04-29
S&SPOWER,S&SPOWER.NS,S&S Power Switchgears Limited,BE,INE902B01017,,local_data_nse_equity_list,2026-04-29
SAATVIKGL,SAATVIKGL.NS,Saatvik Green Energy Limited,EQ,INE13B501022,,local_data_nse_equity_list,2026-04-29
SADBHAV,SADBHAV.NS,Sadbhav Engineering Limited,BE,INE226H01026,,local_data_nse_equity_list,2026-04-29
SADBHIN,SADBHIN.NS,Sadbhav Infrastructure Project Limited,EQ,INE764L01010,,local_data_nse_equity_list,2026-04-29
SADHNANIQ,SADHNANIQ.NS,Sadhana Nitrochem Limited,BE,INE888C01040,,local_data_nse_equity_list,2026-04-29
SAFARI,SAFARI.NS,Safari Industries (India) Limited,EQ,INE429E01023,,local_data_nse_equity_list,2026-04-29
SAGARDEEP,SAGARDEEP.NS,Sagardeep Alloys Limited,EQ,INE976T01013,,local_data_nse_equity_list,2026-04-29
SAGCEM,SAGCEM.NS,Sagar Cements Limited,EQ,INE229C01021,,local_data_nse_equity_list,2026-04-29
SAGILITY,SAGILITY.NS,SAGILITY LIMITED,EQ,INE0W2G01015,,local_data_nse_equity_list,2026-04-29
SAHLIBHFI,SAHLIBHFI.NS,Shalibhadra Finance Limited,EQ,INE861D01011,,local_data_nse_equity_list,2026-04-29
SAHYADRI,SAHYADRI.NS,Sahyadri Industries Limited,EQ,INE280H01015,,local_data_nse_equity_list,2026-04-29
SAIL,SAIL.NS,Steel Authority of India Limited,EQ,INE114A01011,,local_data_nse_equity_list,2026-04-29
SAILIFE,SAILIFE.NS,Sai Life Sciences Limited,EQ,INE570L01029,,local_data_nse_equity_list,2026-04-29
SAIPARENT,SAIPARENT.NS,Sai Parenterals Limited,EQ,INE0H9F01037,,local_data_nse_equity_list,2026-04-29
SAKAR,SAKAR.NS,Sakar Healthcare Limited,EQ,INE732S01012,,local_data_nse_equity_list,2026-04-29
SAKHTISUG,SAKHTISUG.NS,Sakthi Sugars Limited,EQ,INE623A01011,,local_data_nse_equity_list,2026-04-29
SAKSOFT,SAKSOFT.NS,Saksoft Limited,EQ,INE667G01023,,local_data_nse_equity_list,2026-04-29
SAKUMA,SAKUMA.NS,Sakuma Exports Limited,BE,INE190H01024,,local_data_nse_equity_list,2026-04-29
SALASAR,SALASAR.NS,Salasar Techno Engineering Limited,EQ,INE170V01027,,local_data_nse_equity_list,2026-04-29
SALONA,SALONA.NS,Salona Cotspin Limited,EQ,INE498E01010,,local_data_nse_equity_list,2026-04-29
SALSTEEL,SALSTEEL.NS,S.A.L. Steel Limited,EQ,INE658G01014,,local_data_nse_equity_list,2026-04-29
SALZERELEC,SALZERELEC.NS,Salzer Electronics Limited,EQ,INE457F01013,,local_data_nse_equity_list,2026-04-29
SAMBHAAV,SAMBHAAV.NS,Sambhaav Media Limited,BE,INE699B01027,,local_data_nse_equity_list,2026-04-29
SAMBHV,SAMBHV.NS,Sambhv Steel Tubes Limited,EQ,INE12NJ01018,,local_data_nse_equity_list,2026-04-29
SAMHI,SAMHI.NS,Samhi Hotels Limited,EQ,INE08U801020,,local_data_nse_equity_list,2026-04-29
SAMMAANCAP,SAMMAANCAP.NS,Sammaan Capital Limited,EQ,INE148I01020,,local_data_nse_equity_list,2026-04-29
SAMPANN,SAMPANN.NS,Sampann Utpadan India Limited,EQ,INE735M01018,,local_data_nse_equity_list,2026-04-29
SANATHAN,SANATHAN.NS,Sanathan Textiles Limited,EQ,INE0JPD01013,,local_data_nse_equity_list,2026-04-29
SANCO,SANCO.NS,Sanco Industries Limited,BZ,INE782L01012,,local_data_nse_equity_list,2026-04-29
SANDESH,SANDESH.NS,The Sandesh Limited,EQ,INE583B01015,,local_data_nse_equity_list,2026-04-29
SANDHAR,SANDHAR.NS,Sandhar Technologies Limited,EQ,INE278H01035,,local_data_nse_equity_list,2026-04-29
SANDUMA,SANDUMA.NS,Sandur Manganese & Iron Ores Limited,EQ,INE149K01016,,local_data_nse_equity_list,2026-04-29
SANGAMIND,SANGAMIND.NS,Sangam (India) Limited,EQ,INE495C01010,,local_data_nse_equity_list,2026-04-29
SANGHVIMOV,SANGHVIMOV.NS,Sanghvi Movers Limited,EQ,INE989A01032,,local_data_nse_equity_list,2026-04-29
SANGINITA,SANGINITA.NS,Sanginita Chemicals Limited,BE,INE753W01010,,local_data_nse_equity_list,2026-04-29
SANOFI,SANOFI.NS,Sanofi India Limited,EQ,INE058A01010,,local_data_nse_equity_list,2026-04-29
SANOFICONR,SANOFICONR.NS,Sanofi Consumer Healthcare India Limited,EQ,INE0UOS01011,,local_data_nse_equity_list,2026-04-29
SANSERA,SANSERA.NS,Sansera Engineering Limited,EQ,INE953O01021,,local_data_nse_equity_list,2026-04-29
SANSTAR,SANSTAR.NS,Sanstar Limited,EQ,INE08NE01025,,local_data_nse_equity_list,2026-04-29
SAPPHIRE,SAPPHIRE.NS,Sapphire Foods India Limited,EQ,INE806T01020,,local_data_nse_equity_list,2026-04-29
SAPPL,SAPPL.NS,Shree Ajit Pulp & Paper Limited,EQ,INE185C01017,,local_data_nse_equity_list,2026-04-29
SARDAEN,SARDAEN.NS,Sarda Energy & Minerals Limited,EQ,INE385C01021,,local_data_nse_equity_list,2026-04-29
SAREGAMA,SAREGAMA.NS,Saregama India Limited,EQ,INE979A01025,,local_data_nse_equity_list,2026-04-29
SARLAPOLY,SARLAPOLY.NS,Sarla Performance Fibers Limited,EQ,INE453D01025,,local_data_nse_equity_list,2026-04-29
SARVESHWAR,SARVESHWAR.NS,Sarveshwar Foods Limited,BE,INE324X01026,,local_data_nse_equity_list,2026-04-29
SASKEN,SASKEN.NS,Sasken Technologies Limited,EQ,INE231F01020,,local_data_nse_equity_list,2026-04-29
SASTASUNDR,SASTASUNDR.NS,Sastasundar Ventures Limited,EQ,INE019J01013,,local_data_nse_equity_list,2026-04-29
SATIA,SATIA.NS,Satia Industries Limited,EQ,INE170E01023,,local_data_nse_equity_list,2026-04-29
SATIN,SATIN.NS,Satin Creditcare Network Limited,EQ,INE836B01017,,local_data_nse_equity_list,2026-04-29
SAURASHCEM,SAURASHCEM.NS,Saurashtra Cement Limited,EQ,INE626A01014,,local_data_nse_equity_list,2026-04-29
SAYAJIHOTL,SAYAJIHOTL.NS,Sayaji Hotels Limited,EQ,INE318C01014,,local_data_nse_equity_list,2026-04-29
SBC,SBC.NS,SBC Exports Limited,EQ,INE04AK01028,,local_data_nse_equity_list,2026-04-29
SBCL,SBCL.NS,Shivalik Bimetal Controls Limited,EQ,INE386D01027,,local_data_nse_equity_list,2026-04-29
SBFC,SBFC.NS,SBFC Finance Limited,EQ,INE423Y01016,,local_data_nse_equity_list,2026-04-29
SBGLP,SBGLP.NS,Suratwwala Business Group Limited,EQ,INE05ST01028,,local_data_nse_equity_list,2026-04-29
SBICARD,SBICARD.NS,SBI Cards and Payment Services Limited,EQ,INE018E01016,,local_data_nse_equity_list,2026-04-29
SBILIFE,SBILIFE.NS,SBI Life Insurance Company Limited,EQ,INE123W01016,,local_data_nse_equity_list,2026-04-29
SBIN,SBIN.NS,State Bank of India,EQ,INE062A01020,,local_data_nse_equity_list,2026-04-29
SCANSTL,SCANSTL.NS,Scan Steels Limited,EQ,INE099G01011,,local_data_nse_equity_list,2026-04-29
SCHAEFFLER,SCHAEFFLER.NS,Schaeffler India Limited,EQ,INE513A01022,,local_data_nse_equity_list,2026-04-29
SCHAND,SCHAND.NS,S Chand And Company Limited,EQ,INE807K01035,,local_data_nse_equity_list,2026-04-29
SCHNEIDER,SCHNEIDER.NS,Schneider Electric Infrastructure Limited,BE,INE839M01018,,local_data_nse_equity_list,2026-04-29
SCI,SCI.NS,Shipping Corporation Of India Limited,EQ,INE109A01011,,local_data_nse_equity_list,2026-04-29
SCILAL,SCILAL.NS,Shipping Corporation of India Land and Assets Limited,EQ,INE0PB301013,,local_data_nse_equity_list,2026-04-29
SCODATUBES,SCODATUBES.NS,Scoda Tubes Limited,EQ,INE090501011,,local_data_nse_equity_list,2026-04-29
SCPL,SCPL.NS,Sheetal Cool Products Limited,BE,INE501Y01019,,local_data_nse_equity_list,2026-04-29
SDBL,SDBL.NS,Som Distilleries & Breweries Limited,EQ,INE480C01038,,local_data_nse_equity_list,2026-04-29
SEAMECLTD,SEAMECLTD.NS,Seamec Limited,EQ,INE497B01018,,local_data_nse_equity_list,2026-04-29
SECMARK,SECMARK.NS,SecMark Consultancy Limited,BE,INE0BTM01013,,local_data_nse_equity_list,2026-04-29
SECURKLOUD,SECURKLOUD.NS,SECUREKLOUD TECHNOLOGIES LIMITED,BE,INE650K01021,,local_data_nse_equity_list,2026-04-29
SEDEMAC,SEDEMAC.NS,SEDEMAC Mechatronics Limited,EQ,INE00XB01019,,local_data_nse_equity_list,2026-04-29
SEIL,SEIL.NS,Shanti Educational Initiatives Limited,EQ,INE440T01028,,local_data_nse_equity_list,2026-04-29
SEJALLTD,SEJALLTD.NS,Sejal Glass Limited,EQ,INE955I01044,,local_data_nse_equity_list,2026-04-29
SELMC,SELMC.NS,SEL Manufacturing Company Limited,EQ,INE105I01020,,local_data_nse_equity_list,2026-04-29
SEMAC,SEMAC.NS,Semac Construction Limited,EQ,INE617A01013,,local_data_nse_equity_list,2026-04-29
SENCO,SENCO.NS,Senco Gold Limited,EQ,INE602W01027,,local_data_nse_equity_list,2026-04-29
SENORES,SENORES.NS,Senores Pharmaceuticals Limited,EQ,INE0RB801010,,local_data_nse_equity_list,2026-04-29
SEPC,SEPC.NS,SEPC Limited,EQ,INE964H01014,,local_data_nse_equity_list,2026-04-29
SERVOTECH,SERVOTECH.NS,Servotech Renewable Power System Limited,EQ,INE782X01033,,local_data_nse_equity_list,2026-04-29
SESHAPAPER,SESHAPAPER.NS,Seshasayee Paper and Boards Limited,EQ,INE630A01024,,local_data_nse_equity_list,2026-04-29
SETCO,SETCO.NS,Setco Automotive Limited,BE,INE878E01021,,local_data_nse_equity_list,2026-04-29
SETL,SETL.NS,Standard Engineering Technology Limited,EQ,INE0M4D01010,,local_data_nse_equity_list,2026-04-29
SETUINFRA,SETUINFRA.NS,Setubandhan Infrastructure Limited,BZ,INE023M01027,,local_data_nse_equity_list,2026-04-29
SEYAIND,SEYAIND.NS,Seya Industries Limited,BE,INE573R01012,,local_data_nse_equity_list,2026-04-29
SFL,SFL.NS,Sheela Foam Limited,EQ,INE916U01025,,local_data_nse_equity_list,2026-04-29
SGFIN,SGFIN.NS,SG Finserve Limited,EQ,INE618R01015,,local_data_nse_equity_list,2026-04-29
SGIL,SGIL.NS,Synergy Green Industries Limited,EQ,INE00QT01015,,local_data_nse_equity_list,2026-04-29
SGL,SGL.NS,STL Global Limited,EQ,INE353H01010,,local_data_nse_equity_list,2026-04-29
SGMART,SGMART.NS,SG Mart Limited,EQ,INE385F01024,,local_data_nse_equity_list,2026-04-29
SHADOWFAX,SHADOWFAX.NS,Shadowfax Technologies Limited,EQ,INE12UN01015,,local_data_nse_equity_list,2026-04-29
SHAH,SHAH.NS,Shah Metacorp Limited,EQ,INE482J01021,,local_data_nse_equity_list,2026-04-29
SHAHALLOYS,SHAHALLOYS.NS,Shah Alloys Limited,EQ,INE640C01011,,local_data_nse_equity_list,2026-04-29
SHAILY,SHAILY.NS,Shaily Engineering Plastics Limited,EQ,INE151G01028,,local_data_nse_equity_list,2026-04-29
SHAKTIPUMP,SHAKTIPUMP.NS,Shakti Pumps (India) Limited,EQ,INE908D01010,,local_data_nse_equity_list,2026-04-29
SHALBY,SHALBY.NS,Shalby Limited,EQ,INE597J01018,,local_data_nse_equity_list,2026-04-29
SHALPAINTS,SHALPAINTS.NS,Shalimar Paints Limited,EQ,INE849C01026,,local_data_nse_equity_list,2026-04-29
SHANKARA,SHANKARA.NS,Shankara Building Products Limited,BE,INE274V01019,,local_data_nse_equity_list,2026-04-29
SHANTI,SHANTI.NS,Shanti Overseas (India) Limited,EQ,INE933X01016,,local_data_nse_equity_list,2026-04-29
SHANTIGEAR,SHANTIGEAR.NS,Shanthi Gears Limited,EQ,INE631A01022,,local_data_nse_equity_list,2026-04-29
SHANTIGOLD,SHANTIGOLD.NS,Shanti Gold International Limited,EQ,INE06ZD01017,,local_data_nse_equity_list,2026-04-29
SHARDACROP,SHARDACROP.NS,Sharda Cropchem Limited,EQ,INE221J01015,,local_data_nse_equity_list,2026-04-29
SHARDAMOTR,SHARDAMOTR.NS,Sharda Motor Industries Limited,EQ,INE597I01028,,local_data_nse_equity_list,2026-04-29
SHARDUL,SHARDUL.NS,Shardul Securities Limited,EQ,INE037B01020,,local_data_nse_equity_list,2026-04-29
SHAREINDIA,SHAREINDIA.NS,Share India Securities Limited,EQ,INE932X01026,,local_data_nse_equity_list,2026-04-29
SHBAJRG,SHBAJRG.NS,Shri Bajrang Alliance Limited,EQ,INE402H01015,,local_data_nse_equity_list,2026-04-29
SHEKHAWATI,SHEKHAWATI.NS,Shekhawati Industries Limited,EQ,INE268L01046,,local_data_nse_equity_list,2026-04-29
SHEMAROO,SHEMAROO.NS,Shemaroo Entertainment Limited,EQ,INE363M01019,,local_data_nse_equity_list,2026-04-29
SHILCTECH,SHILCTECH.NS,Shilchar Technologies Limited,EQ,INE024F01011,,local_data_nse_equity_list,2026-04-29
SHILPAMED,SHILPAMED.NS,Shilpa Medicare Limited,EQ,INE790G01031,,local_data_nse_equity_list,2026-04-29
SHINDL,SHINDL.NS,Sharat Industries Limited,EQ,INE220Z01013,,local_data_nse_equity_list,2026-04-29
SHIVALIK,SHIVALIK.NS,Shivalik Rasayan Limited,EQ,INE788J01021,,local_data_nse_equity_list,2026-04-29
SHIVAMAUTO,SHIVAMAUTO.NS,Shivam Autotech Limited,EQ,INE637H01024,,local_data_nse_equity_list,2026-04-29
SHIVAMILLS,SHIVAMILLS.NS,Shiva Mills Limited,EQ,INE644Y01017,,local_data_nse_equity_list,2026-04-29
SHIVATEX,SHIVATEX.NS,Shiva Texyarn Limited,EQ,INE705C01020,,local_data_nse_equity_list,2026-04-29
SHIVAUM,SHIVAUM.NS,Shiv Aum Steels Limited,BE,INE719F01016,,local_data_nse_equity_list,2026-04-29
SHK,SHK.NS,S H Kelkar and Company Limited,EQ,INE500L01026,,local_data_nse_equity_list,2026-04-29
SHOPERSTOP,SHOPERSTOP.NS,Shoppers Stop Limited,EQ,INE498B01024,,local_data_nse_equity_list,2026-04-29
SHRADHA,SHRADHA.NS,Shradha Realty Limited,EQ,INE715Y01031,,local_data_nse_equity_list,2026-04-29
SHREDIGCEM,SHREDIGCEM.NS,Shree Digvijay Cement Co.Ltd,EQ,INE232A01011,,local_data_nse_equity_list,2026-04-29
SHREECEM,SHREECEM.NS,SHREE CEMENT LIMITED,EQ,INE070A01015,,local_data_nse_equity_list,2026-04-29
SHREEJISPG,SHREEJISPG.NS,Shreeji Shipping Global Limited,EQ,INE1B6101010,,local_data_nse_equity_list,2026-04-29
SHREEPUSHK,SHREEPUSHK.NS,Shree Pushkar Chemicals & Fertilisers Limited,EQ,INE712K01011,,local_data_nse_equity_list,2026-04-29
SHREERAMA,SHREERAMA.NS,Shree Rama Multi-Tech Limited,EQ,INE879A01019,,local_data_nse_equity_list,2026-04-29
SHRENIK,SHRENIK.NS,Shrenik Limited,BZ,INE632X01030,,local_data_nse_equity_list,2026-04-29
SHREYANIND,SHREYANIND.NS,Shreyans Industries Limited,EQ,INE231C01019,,local_data_nse_equity_list,2026-04-29
SHRIKRISH,SHRIKRISH.NS,Shri Krishna Devcon Limited,EQ,INE997I01012,,local_data_nse_equity_list,2026-04-29
SHRINGARMS,SHRINGARMS.NS,Shringar House of Mangalsutra Limited,EQ,INE1B3L01017,,local_data_nse_equity_list,2026-04-29
SHRIPISTON,SHRIPISTON.NS,Shriram Pistons & Rings Limited,EQ,INE526E01018,,local_data_nse_equity_list,2026-04-29
SHRIRAMFIN,SHRIRAMFIN.NS,Shriram Finance Limited,EQ,INE721A01047,,local_data_nse_equity_list,2026-04-29
SHRIRAMPPS,SHRIRAMPPS.NS,Shriram Properties Limited,EQ,INE217L01019,,local_data_nse_equity_list,2026-04-29
SHYAMCENT,SHYAMCENT.NS,Shyam Century Ferrous Limited,EQ,INE979R01011,,local_data_nse_equity_list,2026-04-29
SHYAMMETL,SHYAMMETL.NS,Shyam Metalics and Energy Limited,EQ,INE810G01011,,local_data_nse_equity_list,2026-04-29
SHYAMTEL,SHYAMTEL.NS,Shyam Telecom Limited,EQ,INE635A01023,,local_data_nse_equity_list,2026-04-29
SICAGEN,SICAGEN.NS,Sicagen India Limited,EQ,INE176J01011,,local_data_nse_equity_list,2026-04-29
SICALLOG,SICALLOG.NS,Sical Logistics Limited,BE,INE075B01020,,local_data_nse_equity_list,2026-04-29
SIEMENS,SIEMENS.NS,Siemens Limited,EQ,INE003A01024,,local_data_nse_equity_list,2026-04-29
SIGACHI,SIGACHI.NS,Sigachi Industries Limited,EQ,INE0D0K01022,,local_data_nse_equity_list,2026-04-29
SIGIND,SIGIND.NS,Signet Industries Limited,EQ,INE529F01035,,local_data_nse_equity_list,2026-04-29
SIGMA,SIGMA.NS,Sigma Solve Limited,EQ,INE0A0S01028,,local_data_nse_equity_list,2026-04-29
SIGMAADV,SIGMAADV.NS,SIGMA ADVANCED SYSTEMS LIMITED,EQ,INE933B01012,,local_data_nse_equity_list,2026-04-29
SIGNATURE,SIGNATURE.NS,Signatureglobal (India) Limited,EQ,INE903U01023,,local_data_nse_equity_list,2026-04-29
SIGNPOST,SIGNPOST.NS,Signpost India Limited,EQ,INE0KGZ01021,,local_data_nse_equity_list,2026-04-29
SIKA,SIKA.NS,Sika Interplant Systems Limited,EQ,INE438E01032,,local_data_nse_equity_list,2026-04-29
SIKKO,SIKKO.NS,Sikko Industries Limited,EQ,INE112X01025,,local_data_nse_equity_list,2026-04-29
SIL,SIL.NS,Standard Industries Limited,EQ,INE173A01025,,local_data_nse_equity_list,2026-04-29
SILGO,SILGO.NS,Silgo Retail Limited,EQ,INE01II01013,,local_data_nse_equity_list,2026-04-29
SILINV,SILINV.NS,SIL Investments Limited,EQ,INE923A01015,,local_data_nse_equity_list,2026-04-29
SILLYMONKS,SILLYMONKS.NS,Silly Monks Entertainment Limited,EQ,INE203Y01012,,local_data_nse_equity_list,2026-04-29
SILVERTUC,SILVERTUC.NS,Silver Touch Technologies Limited,EQ,INE625X01026,,local_data_nse_equity_list,2026-04-29
SIMBHALS,SIMBHALS.NS,Simbhaoli Sugars Limited,BZ,INE748T01016,,local_data_nse_equity_list,2026-04-29
SIMPLEXINF,SIMPLEXINF.NS,Simplex Infrastructures Limited,EQ,INE059B01024,,local_data_nse_equity_list,2026-04-29
SINCLAIR,SINCLAIR.NS,Sinclairs Hotels Limited,EQ,INE985A01022,,local_data_nse_equity_list,2026-04-29
SINDHUTRAD,SINDHUTRAD.NS,Sindhu Trade Links Limited,EQ,INE325D01025,,local_data_nse_equity_list,2026-04-29
SINGERIND,SINGERIND.NS,Singer India Limited,EQ,INE638A01035,,local_data_nse_equity_list,2026-04-29
SINTERCOM,SINTERCOM.NS,Sintercom India Limited,EQ,INE129Z01016,,local_data_nse_equity_list,2026-04-29
SIRCA,SIRCA.NS,Sirca Paints India Limited,EQ,INE792Z01011,,local_data_nse_equity_list,2026-04-29
SIS,SIS.NS,SIS LIMITED,EQ,INE285J01028,,local_data_nse_equity_list,2026-04-29
SITINET,SITINET.NS,Siti Networks Limited,BZ,INE965H01011,,local_data_nse_equity_list,2026-04-29
SIYSIL,SIYSIL.NS,Siyaram Silk Mills Limited,EQ,INE076B01028,,local_data_nse_equity_list,2026-04-29
SJS,SJS.NS,S.J.S. Enterprises Limited,EQ,INE284S01014,,local_data_nse_equity_list,2026-04-29
SJVN,SJVN.NS,SJVN Limited,EQ,INE002L01015,,local_data_nse_equity_list,2026-04-29
SKFINDIA,SKFINDIA.NS,SKF India Limited,EQ,INE640A01023,,local_data_nse_equity_list,2026-04-29
SKFINDUS,SKFINDUS.NS,SKF India (Industrial) Limited,EQ,INE2J8701016,,local_data_nse_equity_list,2026-04-29
SKIPPER,SKIPPER.NS,Skipper Limited,EQ,INE439E01022,,local_data_nse_equity_list,2026-04-29
SKMEGGPROD,SKMEGGPROD.NS,SKM Egg Products Export (India) Limited,EQ,INE411D01023,,local_data_nse_equity_list,2026-04-29
SKYGOLD,SKYGOLD.NS,SKY GOLD AND DIAMONDS LIMITED,EQ,INE01IU01018,,local_data_nse_equity_list,2026-04-29
SMARTLINK,SMARTLINK.NS,Smartlink Holdings Limited,EQ,INE178C01020,,local_data_nse_equity_list,2026-04-29
SMARTWORKS,SMARTWORKS.NS,Smartworks Coworking Spaces Limited,EQ,INE0NAZ01010,,local_data_nse_equity_list,2026-04-29
SMCGLOBAL,SMCGLOBAL.NS,SMC Global Securities Limited,EQ,INE103C01036,,local_data_nse_equity_list,2026-04-29
SMLMAH,SMLMAH.NS,SML Mahindra Limited,EQ,INE294B01019,,local_data_nse_equity_list,2026-04-29
SMLT,SMLT.NS,Sarthak Metals Limited,EQ,INE017W01010,,local_data_nse_equity_list,2026-04-29
SMSPHARMA,SMSPHARMA.NS,SMS Pharmaceuticals Limited,EQ,INE812G01025,,local_data_nse_equity_list,2026-04-29
SNOWMAN,SNOWMAN.NS,Snowman Logistics Limited,EQ,INE734N01019,,local_data_nse_equity_list,2026-04-29
SOBHA,SOBHA.NS,Sobha Limited,EQ,INE671H01015,,local_data_nse_equity_list,2026-04-29
SOFTTECH,SOFTTECH.NS,Softtech Engineers Limited,BE,INE728Z01015,,local_data_nse_equity_list,2026-04-29
SOLARA,SOLARA.NS,Solara Active Pharma Sciences Limited,EQ,INE624Z01016,,local_data_nse_equity_list,2026-04-29
SOLARINDS,SOLARINDS.NS,Solar Industries India Limited,EQ,INE343H01029,,local_data_nse_equity_list,2026-04-29
SOLARWORLD,SOLARWORLD.NS,Solarworld Energy Solutions Limited,EQ,INE0TY101024,,local_data_nse_equity_list,2026-04-29
SOLEX,SOLEX.NS,Solex Energy Limited,EQ,INE880Y01017,,local_data_nse_equity_list,2026-04-29
SOMANYCERA,SOMANYCERA.NS,Somany Ceramics Limited,EQ,INE355A01028,,local_data_nse_equity_list,2026-04-29
SOMATEX,SOMATEX.NS,Soma Textiles & Industries Limited,EQ,INE314C01013,,local_data_nse_equity_list,2026-04-29
SOMICONVEY,SOMICONVEY.NS,Somi Conveyor Beltings Limited,EQ,INE323J01019,,local_data_nse_equity_list,2026-04-29
SONACOMS,SONACOMS.NS,Sona BLW Precision Forgings Limited,EQ,INE073K01018,,local_data_nse_equity_list,2026-04-29
SONAL,SONAL.NS,Sonal Mercantile Limited,EQ,INE321M01017,,local_data_nse_equity_list,2026-04-29
SONAMLTD,SONAMLTD.NS,SONAM LIMITED,EQ,INE00LM01029,,local_data_nse_equity_list,2026-04-29
SONATSOFTW,SONATSOFTW.NS,Sonata Software Limited,EQ,INE269A01021,,local_data_nse_equity_list,2026-04-29
SOTL,SOTL.NS,Savita Oil Technologies Limited,EQ,INE035D01020,,local_data_nse_equity_list,2026-04-29
SOUTHBANK,SOUTHBANK.NS,The South Indian Bank Limited,EQ,INE683A01023,,local_data_nse_equity_list,2026-04-29
SOUTHWEST,SOUTHWEST.NS,South West Pinnacle Exploration Limited,EQ,INE980Y01015,,local_data_nse_equity_list,2026-04-29
SPAL,SPAL.NS,S. P. Apparels Limited,EQ,INE212I01016,,local_data_nse_equity_list,2026-04-29
SPANDANA,SPANDANA.NS,Spandana Sphoorty Financial Limited,EQ,INE572J01011,,local_data_nse_equity_list,2026-04-29
SPARC,SPARC.NS,Sun Pharma Advanced Research Company Limited,EQ,INE232I01014,,local_data_nse_equity_list,2026-04-29
SPCENET,SPCENET.NS,Spacenet Enterprises India Limited,EQ,INE970N01027,,local_data_nse_equity_list,2026-04-29
SPECIALITY,SPECIALITY.NS,Speciality Restaurants Limited,EQ,INE247M01014,,local_data_nse_equity_list,2026-04-29
SPECTRUM,SPECTRUM.NS,Spectrum Electrical Industries Limited,EQ,INE01EO01010,,local_data_nse_equity_list,2026-04-29
SPENCERS,SPENCERS.NS,Spencer's Retail Limited,EQ,INE020801028,,local_data_nse_equity_list,2026-04-29
SPIC,SPIC.NS,Southern Petrochemicals Industries Corporation  Limited,EQ,INE147A01011,,local_data_nse_equity_list,2026-04-29
SPLIL,SPLIL.NS,SPL Industries Limited,EQ,INE978G01016,,local_data_nse_equity_list,2026-04-29
SPLPETRO,SPLPETRO.NS,Supreme Petrochem Limited,EQ,INE663A01033,,local_data_nse_equity_list,2026-04-29
SPMLINFRA,SPMLINFRA.NS,SPML Infra Limited,EQ,INE937A01023,,local_data_nse_equity_list,2026-04-29
SPORTKING,SPORTKING.NS,Sportking India Limited,EQ,INE885H01029,,local_data_nse_equity_list,2026-04-29
SRD,SRD.NS,Shankar Lal Rampal Dye-Chem Limited,EQ,INE01NE01012,,local_data_nse_equity_list,2026-04-29
SREEL,SREEL.NS,Sreeleathers Limited,EQ,INE099F01013,,local_data_nse_equity_list,2026-04-29
SRF,SRF.NS,SRF Limited,EQ,INE647A01010,,local_data_nse_equity_list,2026-04-29
SRGHFL,SRGHFL.NS,SRG Housing Finance Limited,EQ,INE559N01010,,local_data_nse_equity_list,2026-04-29
SRHHYPOLTD,SRHHYPOLTD.NS,Sree Rayalaseema Hi-Strength Hypo Limited,EQ,INE917H01012,,local_data_nse_equity_list,2026-04-29
SRM,SRM.NS,SRM Contractors Limited,EQ,INE0R6Z01013,,local_data_nse_equity_list,2026-04-29
SRTL,SRTL.NS,Shree Ram Twistex Limited,EQ,INE19GK01015,,local_data_nse_equity_list,2026-04-29
SSDL,SSDL.NS,Saraswati Saree Depot Limited,EQ,INE0PQ101010,,local_data_nse_equity_list,2026-04-29
SSWL,SSWL.NS,Steel Strips Wheels Limited,EQ,INE802C01033,,local_data_nse_equity_list,2026-04-29
STALLION,STALLION.NS,Stallion India Fluorochemicals Limited,EQ,INE0RYC01010,,local_data_nse_equity_list,2026-04-29
STANLEY,STANLEY.NS,Stanley Lifestyles Limited,EQ,INE01A001028,,local_data_nse_equity_list,2026-04-29
STAR,STAR.NS,Strides Pharma Science Limited,EQ,INE939A01011,,local_data_nse_equity_list,2026-04-29
STARCEMENT,STARCEMENT.NS,Star Cement Limited,EQ,INE460H01021,,local_data_nse_equity_list,2026-04-29
STARHEALTH,STARHEALTH.NS,Star Health and Allied Insurance Company Limited,EQ,INE575P01011,,local_data_nse_equity_list,2026-04-29
STARPAPER,STARPAPER.NS,Star Paper Mills Limited,EQ,INE733A01018,,local_data_nse_equity_list,2026-04-29
STARTECK,STARTECK.NS,Starteck Finance Limited,EQ,INE992I01013,,local_data_nse_equity_list,2026-04-29
STCINDIA,STCINDIA.NS,The State Trading Corporation of India Limited,EQ,INE655A01013,,local_data_nse_equity_list,2026-04-29
STEELCAS,STEELCAS.NS,Steelcast Limited,EQ,INE124E01038,,local_data_nse_equity_list,2026-04-29
STEELCITY,STEELCITY.NS,Steel City Securities Limited,EQ,INE395H01011,,local_data_nse_equity_list,2026-04-29
STEELXIND,STEELXIND.NS,STEEL EXCHANGE INDIA LIMITED,EQ,INE503B01021,,local_data_nse_equity_list,2026-04-29
STEL,STEL.NS,Stel Holdings Limited,EQ,INE577L01016,,local_data_nse_equity_list,2026-04-29
STERTOOLS,STERTOOLS.NS,Sterling Tools Limited,EQ,INE334A01023,,local_data_nse_equity_list,2026-04-29
STLNETWORK,STLNETWORK.NS,STL Networks Limited,EQ,INE1VXE01018,,local_data_nse_equity_list,2026-04-29
STLTECH,STLTECH.NS,Sterlite Technologies Limited,EQ,INE089C01029,,local_data_nse_equity_list,2026-04-29
STOVEKRAFT,STOVEKRAFT.NS,Stove Kraft Limited,EQ,INE00IN01015,,local_data_nse_equity_list,2026-04-29
STUDDS,STUDDS.NS,Studds Accessories Limited,EQ,INE00Q601028,,local_data_nse_equity_list,2026-04-29
STYL,STYL.NS,Seshaasai Technologies Limited,EQ,INE04VU01023,,local_data_nse_equity_list,2026-04-29
STYLAMIND,STYLAMIND.NS,Stylam Industries Limited,EQ,INE239C01020,,local_data_nse_equity_list,2026-04-29
STYLEBAAZA,STYLEBAAZA.NS,Baazar Style Retail Limited,EQ,INE01FR01028,,local_data_nse_equity_list,2026-04-29
STYRENIX,STYRENIX.NS,Styrenix Performance Materials Limited,EQ,INE189B01011,,local_data_nse_equity_list,2026-04-29
SUBEXLTD,SUBEXLTD.NS,Subex Limited,EQ,INE754A01055,,local_data_nse_equity_list,2026-04-29
SUBROS,SUBROS.NS,Subros Limited,EQ,INE287B01021,,local_data_nse_equity_list,2026-04-29
SUDARCOLOR,SUDARCOLOR.NS,Sudarshan Colorants India Limited,EQ,INE492A01029,,local_data_nse_equity_list,2026-04-29
SUDARSCHEM,SUDARSCHEM.NS,Sudarshan Chemical Industries Limited,EQ,INE659A01023,,local_data_nse_equity_list,2026-04-29
SUDEEPPHRM,SUDEEPPHRM.NS,Sudeep Pharma Limited,EQ,INE0QPI01025,,local_data_nse_equity_list,2026-04-29
SUKHJITS,SUKHJITS.NS,Sukhjit Starch & Chemicals Limited,EQ,INE450E01029,,local_data_nse_equity_list,2026-04-29
SULA,SULA.NS,Sula Vineyards Limited,EQ,INE142Q01026,,local_data_nse_equity_list,2026-04-29
SUMEETINDS,SUMEETINDS.NS,Sumeet Industries Limited,EQ,INE235C01036,,local_data_nse_equity_list,2026-04-29
SUMICHEM,SUMICHEM.NS,Sumitomo Chemical India Limited,EQ,INE258G01013,,local_data_nse_equity_list,2026-04-29
SUMIT,SUMIT.NS,Sumit Woods Limited,BE,INE748Z01013,,local_data_nse_equity_list,2026-04-29
SUMMITSEC,SUMMITSEC.NS,Summit Securities Limited,EQ,INE519C01017,,local_data_nse_equity_list,2026-04-29
SUNCLAY,SUNCLAY.NS,Sundaram Clayton Limited,EQ,INE0Q3R01026,,local_data_nse_equity_list,2026-04-29
SUNDARAM,SUNDARAM.NS,Sundaram Multi Pap Limited,EQ,INE108E01023,,local_data_nse_equity_list,2026-04-29
SUNDARMFIN,SUNDARMFIN.NS,Sundaram Finance Limited,EQ,INE660A01013,,local_data_nse_equity_list,2026-04-29
SUNDRMBRAK,SUNDRMBRAK.NS,Sundaram Brake Linings Limited,EQ,INE073D01013,,local_data_nse_equity_list,2026-04-29
SUNDRMFAST,SUNDRMFAST.NS,Sundram Fasteners Limited,EQ,INE387A01021,,local_data_nse_equity_list,2026-04-29
SUNDROP,SUNDROP.NS,Sundrop Brands Limited,EQ,INE209A01019,,local_data_nse_equity_list,2026-04-29
SUNFLAG,SUNFLAG.NS,Sunflag Iron And Steel Company Limited,EQ,INE947A01014,,local_data_nse_equity_list,2026-04-29
SUNPHARMA,SUNPHARMA.NS,Sun Pharmaceutical Industries Limited,EQ,INE044A01036,,local_data_nse_equity_list,2026-04-29
SUNTECK,SUNTECK.NS,Sunteck Realty Limited,EQ,INE805D01034,,local_data_nse_equity_list,2026-04-29
SUNTV,SUNTV.NS,Sun TV Network Limited,EQ,INE424H01027,,local_data_nse_equity_list,2026-04-29
SUPERHOUSE,SUPERHOUSE.NS,Superhouse Limited,EQ,INE712B01010,,local_data_nse_equity_list,2026-04-29
SUPERSPIN,SUPERSPIN.NS,Super Spinning Mills Limited,EQ,INE662A01027,,local_data_nse_equity_list,2026-04-29
SUPRAJIT,SUPRAJIT.NS,Suprajit Engineering Limited,EQ,INE399C01030,,local_data_nse_equity_list,2026-04-29
SUPREME,SUPREME.NS,Supreme Holdings & Hospitality (India) Limited,EQ,INE822E01011,,local_data_nse_equity_list,2026-04-29
SUPREMEENG,SUPREMEENG.NS,Supreme Engineering Limited,BZ,INE319Z01021,,local_data_nse_equity_list,2026-04-29
SUPREMEIND,SUPREMEIND.NS,Supreme Industries Limited,EQ,INE195A01028,,local_data_nse_equity_list,2026-04-29
SUPREMEINF,SUPREMEINF.NS,Supreme Infrastructure India Limited,BZ,INE550H01011,,local_data_nse_equity_list,2026-04-29
SUPRIYA,SUPRIYA.NS,Supriya Lifescience Limited,EQ,INE07RO01027,,local_data_nse_equity_list,2026-04-29
SURAJEST,SURAJEST.NS,Suraj Estate Developers Limited,EQ,INE843S01025,,local_data_nse_equity_list,2026-04-29
SURAJLTD,SURAJLTD.NS,Suraj Limited,EQ,INE713C01016,,local_data_nse_equity_list,2026-04-29
SURAKSHA,SURAKSHA.NS,Suraksha Diagnostic Limited,EQ,INE877V01027,,local_data_nse_equity_list,2026-04-29
SURANASOL,SURANASOL.NS,Surana Solar Limited,EQ,INE272L01022,,local_data_nse_equity_list,2026-04-29
SURANAT&P,SURANAT&P.NS,Surana Telecom and Power Limited,EQ,INE130B01031,,local_data_nse_equity_list,2026-04-29
SURYALA,SURYALA.NS,Suryalata Spinning Mills Limited,EQ,INE132C01027,,local_data_nse_equity_list,2026-04-29
SURYALAXMI,SURYALAXMI.NS,Suryalakshmi Cotton Mills Limited,EQ,INE713B01026,,local_data_nse_equity_list,2026-04-29
SURYAROSNI,SURYAROSNI.NS,Surya Roshni Limited,EQ,INE335A01020,,local_data_nse_equity_list,2026-04-29
SURYODAY,SURYODAY.NS,Suryoday Small Finance Bank Limited,EQ,INE428Q01011,,local_data_nse_equity_list,2026-04-29
SUTLEJTEX,SUTLEJTEX.NS,Sutlej Textiles and Industries Limited,EQ,INE645H01027,,local_data_nse_equity_list,2026-04-29
SUVEN,SUVEN.NS,Suven Life Sciences Limited,EQ,INE495B01038,,local_data_nse_equity_list,2026-04-29
SUVIDHAA,SUVIDHAA.NS,Suvidhaa Infoserve Limited,BE,INE018401013,,local_data_nse_equity_list,2026-04-29
SUYOG,SUYOG.NS,Suyog Telematics Limited,EQ,INE442P01014,,local_data_nse_equity_list,2026-04-29
SUZLON,SUZLON.NS,Suzlon Energy Limited,EQ,INE040H01021,,local_data_nse_equity_list,2026-04-29
SVLL,SVLL.NS,Shree Vasu Logistics Limited,EQ,INE00CE01017,,local_data_nse_equity_list,2026-04-29
SVPGLOB,SVPGLOB.NS,SVP GLOBAL TEXTILES LIMITED,EQ,INE308E01029,,local_data_nse_equity_list,2026-04-29
SWANCORP,SWANCORP.NS,SWAN CORP LIMITED,EQ,INE665A01038,,local_data_nse_equity_list,2026-04-29
SWANDEF,SWANDEF.NS,Swan Defence and Heavy Industries Limited,BE,INE542F01020,,local_data_nse_equity_list,2026-04-29
SWARAJENG,SWARAJENG.NS,Swaraj Engines Limited,EQ,INE277A01016,,local_data_nse_equity_list,2026-04-29
SWELECTES,SWELECTES.NS,Swelect Energy Systems Limited,EQ,INE409B01013,,local_data_nse_equity_list,2026-04-29
SWIGGY,SWIGGY.NS,Swiggy Limited,EQ,INE00H001014,,local_data_nse_equity_list,2026-04-29
SWSOLAR,SWSOLAR.NS,Sterling and Wilson Renewable Energy Limited,EQ,INE00M201021,,local_data_nse_equity_list,2026-04-29
SYMPHONY,SYMPHONY.NS,Symphony Limited,EQ,INE225D01027,,local_data_nse_equity_list,2026-04-29
SYNCOMF,SYNCOMF.NS,Syncom Formulations (India) Limited,EQ,INE312C01025,,local_data_nse_equity_list,2026-04-29
SYNGENE,SYNGENE.NS,Syngene International Limited,EQ,INE398R01022,,local_data_nse_equity_list,2026-04-29
SYRMA,SYRMA.NS,Syrma SGS Technology Limited,EQ,INE0DYJ01015,,local_data_nse_equity_list,2026-04-29
SYSTMTXC,SYSTMTXC.NS,Systematix Corporate Services Limited,EQ,INE356B01024,,local_data_nse_equity_list,2026-04-29
TAALTECH,TAALTECH.NS,Taal Tech Limited,EQ,INE524T01011,,local_data_nse_equity_list,2026-04-29
TAINWALCHM,TAINWALCHM.NS,Tainwala Chemical and Plastic (I) Limited,EQ,INE123C01018,,local_data_nse_equity_list,2026-04-29
TAJGVK,TAJGVK.NS,Taj GVK Hotels & Resorts Limited,EQ,INE586B01026,,local_data_nse_equity_list,2026-04-29
TAKE,TAKE.NS,Take Solutions Limited,BE,INE142I01023,,local_data_nse_equity_list,2026-04-29
TALBROAUTO,TALBROAUTO.NS,Talbros Automotive Components Limited,EQ,INE187D01029,,local_data_nse_equity_list,2026-04-29
TAMBOLIIN,TAMBOLIIN.NS,Tamboli Industries Limited,EQ,INE864J01012,,local_data_nse_equity_list,2026-04-29
TANLA,TANLA.NS,Tanla Platforms Limited,EQ,INE483C01032,,local_data_nse_equity_list,2026-04-29
TARACHAND,TARACHAND.NS,Tara Chand InfraLogistic Solutions Limited,EQ,INE555Z01020,,local_data_nse_equity_list,2026-04-29
TARAPUR,TARAPUR.NS,Tarapur Transformers Limited,EQ,INE747K01017,,local_data_nse_equity_list,2026-04-29
TARC,TARC.NS,TARC Limited,EQ,INE0EK901012,,local_data_nse_equity_list,2026-04-29
TARIL,TARIL.NS,Transformers And Rectifiers (India) Limited,EQ,INE763I01026,,local_data_nse_equity_list,2026-04-29
TARMAT,TARMAT.NS,Tarmat Limited,BE,INE924H01018,,local_data_nse_equity_list,2026-04-29
TARSONS,TARSONS.NS,Tarsons Products Limited,EQ,INE144Z01023,,local_data_nse_equity_list,2026-04-29
TASTYBITE,TASTYBITE.NS,Tasty Bite Eatables Limited,EQ,INE488B01017,,local_data_nse_equity_list,2026-04-29
TATACAP,TATACAP.NS,Tata Capital Limited,EQ,INE976I01016,,local_data_nse_equity_list,2026-04-29
TATACHEM,TATACHEM.NS,Tata Chemicals Limited,EQ,INE092A01019,,local_data_nse_equity_list,2026-04-29
TATACOMM,TATACOMM.NS,Tata Communications Limited,EQ,INE151A01013,,local_data_nse_equity_list,2026-04-29
TATACONSUM,TATACONSUM.NS,TATA CONSUMER PRODUCTS LIMITED,EQ,INE192A01025,,local_data_nse_equity_list,2026-04-29
TATAELXSI,TATAELXSI.NS,Tata Elxsi Limited,EQ,INE670A01012,,local_data_nse_equity_list,2026-04-29
TATAINVEST,TATAINVEST.NS,Tata Investment Corporation Limited,EQ,INE672A01026,,local_data_nse_equity_list,2026-04-29
TATAPOWER,TATAPOWER.NS,Tata Power Company Limited,EQ,INE245A01021,,local_data_nse_equity_list,2026-04-29
TATASTEEL,TATASTEEL.NS,Tata Steel Limited,EQ,INE081A01020,,local_data_nse_equity_list,2026-04-29
TATATECH,TATATECH.NS,Tata Technologies Limited,EQ,INE142M01025,,local_data_nse_equity_list,2026-04-29
TATVA,TATVA.NS,Tatva Chintan Pharma Chem Limited,EQ,INE0GK401011,,local_data_nse_equity_list,2026-04-29
TBOTEK,TBOTEK.NS,TBO Tek Limited,EQ,INE673O01025,,local_data_nse_equity_list,2026-04-29
TBZ,TBZ.NS,Tribhovandas Bhimji Zaveri Limited,EQ,INE760L01018,,local_data_nse_equity_list,2026-04-29
TCC,TCC.NS,TCC Concept Limited,EQ,INE887D01016,,local_data_nse_equity_list,2026-04-29
TCI,TCI.NS,Transport Corporation of India Limited,EQ,INE688A01022,,local_data_nse_equity_list,2026-04-29
TCIEXP,TCIEXP.NS,TCI Express Limited,EQ,INE586V01016,,local_data_nse_equity_list,2026-04-29
TCIFINANCE,TCIFINANCE.NS,TCI Finance Limited,EQ,INE911B01018,,local_data_nse_equity_list,2026-04-29
TCPLPACK,TCPLPACK.NS,TCPL Packaging Limited,EQ,INE822C01015,,local_data_nse_equity_list,2026-04-29
TCS,TCS.NS,Tata Consultancy Services Limited,EQ,INE467B01029,,local_data_nse_equity_list,2026-04-29
TDPOWERSYS,TDPOWERSYS.NS,TD Power Systems Limited,EQ,INE419M01027,,local_data_nse_equity_list,2026-04-29
TEAMGTY,TEAMGTY.NS,Team India Guaranty Limited,EQ,INE289C01025,,local_data_nse_equity_list,2026-04-29
TEAMLEASE,TEAMLEASE.NS,Teamlease Services Limited,EQ,INE985S01024,,local_data_nse_equity_list,2026-04-29
TECHM,TECHM.NS,Tech Mahindra Limited,EQ,INE669C01036,,local_data_nse_equity_list,2026-04-29
TECHNOE,TECHNOE.NS,Techno Electric & Engineering Company Limited,EQ,INE285K01026,,local_data_nse_equity_list,2026-04-29
TECHNVISN,TECHNVISN.NS,TechNVision Ventures Limited,EQ,INE314H01012,,local_data_nse_equity_list,2026-04-29
TECILCHEM,TECILCHEM.NS,TECIL Chemicals and Hydro Power Limited,EQ,INE014B01011,,local_data_nse_equity_list,2026-04-29
TEGA,TEGA.NS,Tega Industries Limited,EQ,INE011K01018,,local_data_nse_equity_list,2026-04-29
TEJASNET,TEJASNET.NS,Tejas Networks Limited,EQ,INE010J01012,,local_data_nse_equity_list,2026-04-29
TEMBO,TEMBO.NS,Tembo Global Industries Limited,EQ,INE869Y01010,,local_data_nse_equity_list,2026-04-29
TENNIND,TENNIND.NS,Tenneco Clean Air India Limited,EQ,INE19RI01016,,local_data_nse_equity_list,2026-04-29
TERASOFT,TERASOFT.NS,Tera Software Limited,EQ,INE482B01010,,local_data_nse_equity_list,2026-04-29
TEXINFRA,TEXINFRA.NS,Texmaco Infrastructure & Holdings Limited,EQ,INE435C01024,,local_data_nse_equity_list,2026-04-29
TEXMOPIPES,TEXMOPIPES.NS,Texmo Pipes and Products Limited,EQ,INE141K01013,,local_data_nse_equity_list,2026-04-29
TEXRAIL,TEXRAIL.NS,Texmaco Rail & Engineering Limited,EQ,INE621L01012,,local_data_nse_equity_list,2026-04-29
TFCILTD,TFCILTD.NS,Tourism Finance Corporation of India Limited,EQ,INE305A01023,,local_data_nse_equity_list,2026-04-29
TFL,TFL.NS,Transwarranty Finance Limited,EQ,INE804H01012,,local_data_nse_equity_list,2026-04-29
TGBHOTELS,TGBHOTELS.NS,TGB Banquets And Hotels Limited,EQ,INE797H01018,,local_data_nse_equity_list,2026-04-29
THACKER,THACKER.NS,Thacker & Company Limited,EQ,INE077P01034,,local_data_nse_equity_list,2026-04-29
THAKDEV,THAKDEV.NS,Thakkers Developers Limited,EQ,INE403F01017,,local_data_nse_equity_list,2026-04-29
THANGAMAYL,THANGAMAYL.NS,Thangamayil Jewellery Limited,EQ,INE085J01014,,local_data_nse_equity_list,2026-04-29
THEINVEST,THEINVEST.NS,The Investment Trust Of India Limited,EQ,INE924D01017,,local_data_nse_equity_list,2026-04-29
THEJO,THEJO.NS,Thejo Engineering Limited,EQ,INE121N01019,,local_data_nse_equity_list,2026-04-29
THELEELA,THELEELA.NS,Leela Palaces Hotels & Resorts Limited,EQ,INE0AQ201015,,local_data_nse_equity_list,2026-04-29
THEMISMED,THEMISMED.NS,Themis Medicare Limited,EQ,INE083B01024,,local_data_nse_equity_list,2026-04-29
THERMAX,THERMAX.NS,Thermax Limited,EQ,INE152A01029,,local_data_nse_equity_list,2026-04-29
THOMASCOOK,THOMASCOOK.NS,Thomas Cook  (India)  Limited,EQ,INE332A01027,,local_data_nse_equity_list,2026-04-29
THOMASCOTT,THOMASCOTT.NS,Thomas Scott (India) Limited,EQ,INE480M01011,,local_data_nse_equity_list,2026-04-29
THYROCARE,THYROCARE.NS,Thyrocare Technologies Limited,EQ,INE594H01019,,local_data_nse_equity_list,2026-04-29
TI,TI.NS,Tilaknagar Industries Limited,EQ,INE133E01013,,local_data_nse_equity_list,2026-04-29
TICL,TICL.NS,Twamev Construction and Infrastructure Limited,EQ,INE388G01026,,local_data_nse_equity_list,2026-04-29
TIGERLOGS,TIGERLOGS.NS,Tiger Logistics (India) Limited,EQ,INE906O01029,,local_data_nse_equity_list,2026-04-29
TIIL,TIIL.NS,Technocraft Industries (India) Limited,EQ,INE545H01011,,local_data_nse_equity_list,2026-04-29
TIINDIA,TIINDIA.NS,Tube Investments of India Limited,EQ,INE974X01010,,local_data_nse_equity_list,2026-04-29
TIJARIA,TIJARIA.NS,Tijaria Polypipes Limited,BE,INE440L01017,,local_data_nse_equity_list,2026-04-29
TIL,TIL.NS,TIL Limited,EQ,INE806C01018,,local_data_nse_equity_list,2026-04-29
TIMETECHNO,TIMETECHNO.NS,Time Technoplast Limited,EQ,INE508G01029,,local_data_nse_equity_list,2026-04-29
TIMEX,TIMEX.NS,Timex Group India Limited,EQ,INE064A01026,,local_data_nse_equity_list,2026-04-29
TIMKEN,TIMKEN.NS,Timken India Limited,EQ,INE325A01013,,local_data_nse_equity_list,2026-04-29
TINNARUBR,TINNARUBR.NS,Tinna Rubber and Infrastructure Limited,EQ,INE015C01016,,local_data_nse_equity_list,2026-04-29
TIPSFILMS,TIPSFILMS.NS,Tips Films Limited,EQ,INE0LQS01015,,local_data_nse_equity_list,2026-04-29
TIPSMUSIC,TIPSMUSIC.NS,Tips Music Limited,EQ,INE716B01029,,local_data_nse_equity_list,2026-04-29
TIRUMALCHM,TIRUMALCHM.NS,Thirumalai Chemicals Limited,EQ,INE338A01024,,local_data_nse_equity_list,2026-04-29
TIRUPATIFL,TIRUPATIFL.NS,Tirupati Forge Limited,BE,INE319Y01024,,local_data_nse_equity_list,2026-04-29
TITAGARH,TITAGARH.NS,TITAGARH RAIL SYSTEMS LIMITED,EQ,INE615H01020,,local_data_nse_equity_list,2026-04-29
TITAN,TITAN.NS,Titan Company Limited,EQ,INE280A01028,,local_data_nse_equity_list,2026-04-29
TMB,TMB.NS,Tamilnad Mercantile Bank Limited,EQ,INE668A01016,,local_data_nse_equity_list,2026-04-29
TMCV,TMCV.NS,Tata Motors Limited,EQ,INE1TAE01010,,local_data_nse_equity_list,2026-04-29
TMPV,TMPV.NS,Tata Motors Passenger Vehicles Limited,EQ,INE155A01022,,local_data_nse_equity_list,2026-04-29
TNPETRO,TNPETRO.NS,Tamilnadu PetroProducts Limited,EQ,INE148A01019,,local_data_nse_equity_list,2026-04-29
TNPL,TNPL.NS,Tamil Nadu Newsprint & Papers Limited,EQ,INE107A01015,,local_data_nse_equity_list,2026-04-29
TNTELE,TNTELE.NS,Tamilnadu Telecommunication Limited,EQ,INE141D01018,,local_data_nse_equity_list,2026-04-29
TOKYOPLAST,TOKYOPLAST.NS,Tokyo Plast International Limited,BE,INE932C01012,,local_data_nse_equity_list,2026-04-29
TOLINS,TOLINS.NS,Tolins Tyres Limited,EQ,INE0RWQ01014,,local_data_nse_equity_list,2026-04-29
TORNTPHARM,TORNTPHARM.NS,Torrent Pharmaceuticals Limited,EQ,INE685A01028,,local_data_nse_equity_list,2026-04-29
TORNTPOWER,TORNTPOWER.NS,Torrent Power Limited,EQ,INE813H01021,,local_data_nse_equity_list,2026-04-29
TOTAL,TOTAL.NS,Total Transport Systems Limited,EQ,INE336X01012,,local_data_nse_equity_list,2026-04-29
TOUCHWOOD,TOUCHWOOD.NS,Touchwood Entertainment Limited,EQ,INE486Y01013,,local_data_nse_equity_list,2026-04-29
TPHQ,TPHQ.NS,Teamo Productions HQ Limited,EQ,INE065J01024,,local_data_nse_equity_list,2026-04-29
TPLPLASTEH,TPLPLASTEH.NS,TPL Plastech Limited,EQ,INE413G01022,,local_data_nse_equity_list,2026-04-29
TRACXN,TRACXN.NS,Tracxn Technologies Limited,EQ,INE0HMF01019,,local_data_nse_equity_list,2026-04-29
TRANSPEK,TRANSPEK.NS,Transpek Industry Limited,EQ,INE687A01016,,local_data_nse_equity_list,2026-04-29
TRANSRAILL,TRANSRAILL.NS,Transrail Lighting Limited,EQ,INE454P01035,,local_data_nse_equity_list,2026-04-29
TRANSWORLD,TRANSWORLD.NS,TRANSWORLD SHIPPING LINES LIMITED,EQ,INE757B01015,,local_data_nse_equity_list,2026-04-29
TRAVELFOOD,TRAVELFOOD.NS,Travel Food Services Limited,EQ,INE103V01028,,local_data_nse_equity_list,2026-04-29
TREEHOUSE,TREEHOUSE.NS,Tree House Education & Accessories Limited,BE,INE040M01013,,local_data_nse_equity_list,2026-04-29
TREJHARA,TREJHARA.NS,TREJHARA SOLUTIONS LIMITED,EQ,INE00CA01015,,local_data_nse_equity_list,2026-04-29
TREL,TREL.NS,Transindia Real Estate Limited,EQ,INE0O3901029,,local_data_nse_equity_list,2026-04-29
TRENT,TRENT.NS,Trent Limited,EQ,INE849A01020,,local_data_nse_equity_list,2026-04-29
TRF,TRF.NS,TRF Limited,EQ,INE391D01019,,local_data_nse_equity_list,2026-04-29
TRIDENT,TRIDENT.NS,Trident Limited,EQ,INE064C01022,,local_data_nse_equity_list,2026-04-29
TRIGYN,TRIGYN.NS,Trigyn Technologies Limited,EQ,INE948A01012,,local_data_nse_equity_list,2026-04-29
TRITURBINE,TRITURBINE.NS,Triveni Turbine Limited,EQ,INE152M01016,,local_data_nse_equity_list,2026-04-29
TRIVENI,TRIVENI.NS,Triveni Engineering & Industries Limited,EQ,INE256C01024,,local_data_nse_equity_list,2026-04-29
TRU,TRU.NS,TruCap Finance Limited,EQ,INE615R01029,,local_data_nse_equity_list,2026-04-29
TRUALT,TRUALT.NS,TruAlt Bioenergy Limited,EQ,INE0MWH01014,,local_data_nse_equity_list,2026-04-29
TSFINV,TSFINV.NS,TSF INVESTMENTS LIMITED,EQ,INE202Z01029,,local_data_nse_equity_list,2026-04-29
TTKHLTCARE,TTKHLTCARE.NS,TTK Healthcare Limited,EQ,INE910C01018,,local_data_nse_equity_list,2026-04-29
TTKPRESTIG,TTKPRESTIG.NS,TTK Prestige Limited,EQ,INE690A01028,,local_data_nse_equity_list,2026-04-29
TTL,TTL.NS,T T Limited,BE,INE592B01024,,local_data_nse_equity_list,2026-04-29
TTML,TTML.NS,Tata Teleservices (Maharashtra) Limited,EQ,INE517B01013,,local_data_nse_equity_list,2026-04-29
TVSELECT,TVSELECT.NS,TVS Electronics Limited,EQ,INE236G01019,,local_data_nse_equity_list,2026-04-29
TVSHLTD,TVSHLTD.NS,TVS Holdings Limited,EQ,INE105A01035,,local_data_nse_equity_list,2026-04-29
TVSMOTOR,TVSMOTOR.NS,TVS Motor Company Limited,EQ,INE494B01023,,local_data_nse_equity_list,2026-04-29
TVSSCS,TVSSCS.NS,TVS Supply Chain Solutions Limited,BE,INE395N01027,,local_data_nse_equity_list,2026-04-29
TVSSRICHAK,TVSSRICHAK.NS,TVS Srichakra Limited,EQ,INE421C01016,,local_data_nse_equity_list,2026-04-29
TVTODAY,TVTODAY.NS,TV Today Network Limited,EQ,INE038F01029,,local_data_nse_equity_list,2026-04-29
TVVISION,TVVISION.NS,TV Vision Limited,EQ,INE871L01013,,local_data_nse_equity_list,2026-04-29
UBL,UBL.NS,United Breweries Limited,EQ,INE686F01025,,local_data_nse_equity_list,2026-04-29
UCAL,UCAL.NS,UCAL LIMITED,EQ,INE139B01016,,local_data_nse_equity_list,2026-04-29
UCOBANK,UCOBANK.NS,UCO Bank,EQ,INE691A01018,,local_data_nse_equity_list,2026-04-29
UDS,UDS.NS,Updater Services Limited,EQ,INE851I01011,,local_data_nse_equity_list,2026-04-29
UEL,UEL.NS,Ujaas Energy Limited,EQ,INE899L01030,,local_data_nse_equity_list,2026-04-29
UFBL,UFBL.NS,United Foodbrands Limited,EQ,INE382M01027,,local_data_nse_equity_list,2026-04-29
UFLEX,UFLEX.NS,UFLEX Limited,EQ,INE516A01017,,local_data_nse_equity_list,2026-04-29
UFO,UFO.NS,UFO Moviez India Limited,EQ,INE527H01019,,local_data_nse_equity_list,2026-04-29
UGARSUGAR,UGARSUGAR.NS,The Ugar Sugar Works Limited,EQ,INE071E01023,,local_data_nse_equity_list,2026-04-29
UGROCAP,UGROCAP.NS,Ugro Capital Limited,EQ,INE583D01011,,local_data_nse_equity_list,2026-04-29
UJJIVANSFB,UJJIVANSFB.NS,Ujjivan Small Finance Bank Limited,EQ,INE551W01018,,local_data_nse_equity_list,2026-04-29
ULTRACEMCO,ULTRACEMCO.NS,UltraTech Cement Limited,EQ,INE481G01011,,local_data_nse_equity_list,2026-04-29
ULTRAMAR,ULTRAMAR.NS,Ultramarine & Pigments Limited,EQ,INE405A01021,,local_data_nse_equity_list,2026-04-29
UMAEXPORTS,UMAEXPORTS.NS,Uma Exports Limited,BE,INE0GIU01018,,local_data_nse_equity_list,2026-04-29
UMESLTD,UMESLTD.NS,Usha Martin Education & Solutions Limited,BE,INE240C01028,,local_data_nse_equity_list,2026-04-29
UMIYA-MRO,UMIYA-MRO.NS,UMIYA BUILDCON LIMITED,EQ,INE398B01018,,local_data_nse_equity_list,2026-04-29
UNICHEMLAB,UNICHEMLAB.NS,Unichem Laboratories Limited,EQ,INE351A01035,,local_data_nse_equity_list,2026-04-29
UNIDT,UNIDT.NS,United Drilling Tools Limited,EQ,INE961D01019,,local_data_nse_equity_list,2026-04-29
UNIECOM,UNIECOM.NS,Unicommerce Esolutions Limited,EQ,INE00U401027,,local_data_nse_equity_list,2026-04-29
UNIENTER,UNIENTER.NS,Uniphos Enterprises Limited,EQ,INE037A01022,,local_data_nse_equity_list,2026-04-29
UNIINFO,UNIINFO.NS,Uniinfo Telecom Services Limited,EQ,INE481Z01011,,local_data_nse_equity_list,2026-04-29
UNIMECH,UNIMECH.NS,Unimech Aerospace and Manufacturing Limited,EQ,INE0U3I01011,,local_data_nse_equity_list,2026-04-29
UNIONBANK,UNIONBANK.NS,Union Bank of India,EQ,INE692A01016,,local_data_nse_equity_list,2026-04-29
UNIPARTS,UNIPARTS.NS,Uniparts India Limited,EQ,INE244O01017,,local_data_nse_equity_list,2026-04-29
UNITDSPR,UNITDSPR.NS,United Spirits Limited,EQ,INE854D01024,,local_data_nse_equity_list,2026-04-29
UNITECH,UNITECH.NS,Unitech Limited,EQ,INE694A01020,,local_data_nse_equity_list,2026-04-29
UNITEDPOLY,UNITEDPOLY.NS,United Polyfab Gujarat Limited,EQ,INE368U01029,,local_data_nse_equity_list,2026-04-29
UNITEDTEA,UNITEDTEA.NS,The United Nilgiri Tea Estates Company Limited,EQ,INE458F01011,,local_data_nse_equity_list,2026-04-29
UNIVASTU,UNIVASTU.NS,Univastu India Limited,EQ,INE562X01013,,local_data_nse_equity_list,2026-04-29
UNIVCABLES,UNIVCABLES.NS,Universal Cables Limited,EQ,INE279A01012,,local_data_nse_equity_list,2026-04-29
UNIVPHOTO,UNIVPHOTO.NS,Universus Photo Imagings Limited,BE,INE03V001013,,local_data_nse_equity_list,2026-04-29
UNOMINDA,UNOMINDA.NS,UNO Minda Limited,EQ,INE405E01023,,local_data_nse_equity_list,2026-04-29
UPL,UPL.NS,UPL Limited,EQ,INE628A01036,,local_data_nse_equity_list,2026-04-29
URAVIDEF,URAVIDEF.NS,Uravi Defence and Technology Limited,BE,INE568Z01015,,local_data_nse_equity_list,2026-04-29
URBANCO,URBANCO.NS,Urban Company Limited,EQ,INE0CAZ01013,,local_data_nse_equity_list,2026-04-29
URJA,URJA.NS,Urja Global Limited,EQ,INE550C01020,,local_data_nse_equity_list,2026-04-29
USHAMART,USHAMART.NS,Usha Martin Limited,EQ,INE228A01035,,local_data_nse_equity_list,2026-04-29
USK,USK.NS,Udayshivakumar Infra Limited,BE,INE0N0Y01013,,local_data_nse_equity_list,2026-04-29
UTIAMC,UTIAMC.NS,UTI Asset Management Company Limited,EQ,INE094J01016,,local_data_nse_equity_list,2026-04-29
UTKARSHBNK,UTKARSHBNK.NS,Utkarsh Small Finance Bank Limited,EQ,INE735W01017,,local_data_nse_equity_list,2026-04-29
UTLSOLAR,UTLSOLAR.NS,Fujiyama Power Systems Limited,EQ,INE12UR01024,,local_data_nse_equity_list,2026-04-29
UTTAMSUGAR,UTTAMSUGAR.NS,Uttam Sugar Mills Limited,EQ,INE786F01031,,local_data_nse_equity_list,2026-04-29
UYFINCORP,UYFINCORP.NS,U. Y. Fincorp Limited,EQ,INE152C01025,,local_data_nse_equity_list,2026-04-29
V2RETAIL,V2RETAIL.NS,V2 Retail Limited,EQ,INE945H01021,,local_data_nse_equity_list,2026-04-29
VADILALIND,VADILALIND.NS,Vadilal Industries Limited,EQ,INE694D01016,,local_data_nse_equity_list,2026-04-29
VAIBHAVGBL,VAIBHAVGBL.NS,Vaibhav Global Limited,EQ,INE884A01027,,local_data_nse_equity_list,2026-04-29
VAISHALI,VAISHALI.NS,Vaishali Pharma Limited,BE,INE972X01022,,local_data_nse_equity_list,2026-04-29
VAKRANGEE,VAKRANGEE.NS,Vakrangee Limited,EQ,INE051B01021,,local_data_nse_equity_list,2026-04-29
VALIANTLAB,VALIANTLAB.NS,Valiant Laboratories Limited,EQ,INE0JWS01017,,local_data_nse_equity_list,2026-04-29
VALIANTORG,VALIANTORG.NS,Valiant Organics Limited,EQ,INE565V01010,,local_data_nse_equity_list,2026-04-29
VARDHACRLC,VARDHACRLC.NS,Vardhman Acrylics Limited,EQ,INE116G01013,,local_data_nse_equity_list,2026-04-29
VARDMNPOLY,VARDMNPOLY.NS,Vardhman Polytex Limited,BE,INE835A01029,,local_data_nse_equity_list,2026-04-29
VARROC,VARROC.NS,Varroc Engineering Limited,EQ,INE665L01035,,local_data_nse_equity_list,2026-04-29
VASCONEQ,VASCONEQ.NS,Vascon Engineers Limited,EQ,INE893I01013,,local_data_nse_equity_list,2026-04-29
VASWANI,VASWANI.NS,Vaswani Industries Limited,EQ,INE590L01019,,local_data_nse_equity_list,2026-04-29
VBL,VBL.NS,Varun Beverages Limited,EQ,INE200M01039,,local_data_nse_equity_list,2026-04-29
VCL,VCL.NS,Vaxtex Cotfab Limited,EQ,INE098201036,,local_data_nse_equity_list,2026-04-29
VEDL,VEDL.NS,Vedanta Limited,EQ,INE205A01025,,local_data_nse_equity_list,2026-04-29
VEEDOL,VEEDOL.NS,Veedol Corporation Limited,EQ,INE484C01030,,local_data_nse_equity_list,2026-04-29
VELJAN,VELJAN.NS,Veljan Denison Limited,EQ,INE232E01013,,local_data_nse_equity_list,2026-04-29
VENKEYS,VENKEYS.NS,Venky's (India) Limited,EQ,INE398A01010,,local_data_nse_equity_list,2026-04-29
VENTIVE,VENTIVE.NS,Ventive Hospitality Limited,EQ,INE781S01027,,local_data_nse_equity_list,2026-04-29
VENUSPIPES,VENUSPIPES.NS,Venus Pipes & Tubes Limited,EQ,INE0JA001018,,local_data_nse_equity_list,2026-04-29
VENUSREM,VENUSREM.NS,Venus Remedies Limited,EQ,INE411B01019,,local_data_nse_equity_list,2026-04-29
VERANDA,VERANDA.NS,Veranda Learning Solutions Limited,EQ,INE0IQ001011,,local_data_nse_equity_list,2026-04-29
VERTOZ,VERTOZ.NS,Vertoz Limited,EQ,INE188Y01031,,local_data_nse_equity_list,2026-04-29
VESUVIUS,VESUVIUS.NS,Vesuvius India Limited,EQ,INE386A01023,,local_data_nse_equity_list,2026-04-29
VETO,VETO.NS,Veto Switchgears And Cables Limited,EQ,INE918N01018,,local_data_nse_equity_list,2026-04-29
VGL,VGL.NS,VARVEE GLOBAL LIMITED,EQ,INE273D01027,,local_data_nse_equity_list,2026-04-29
VGUARD,VGUARD.NS,V-Guard Industries Limited,EQ,INE951I01027,,local_data_nse_equity_list,2026-04-29
VHL,VHL.NS,Vardhman Holdings Limited,EQ,INE701A01023,,local_data_nse_equity_list,2026-04-29
VHLTD,VHLTD.NS,Viceroy Hotels Limited,BE,INE048C01025,,local_data_nse_equity_list,2026-04-29
VIDHIING,VIDHIING.NS,Vidhi Specialty Food Ingredients Limited,EQ,INE632C01026,,local_data_nse_equity_list,2026-04-29
VIDYAWIRES,VIDYAWIRES.NS,Vidya Wires Limited,EQ,INE14UN01029,,local_data_nse_equity_list,2026-04-29
VIJAYA,VIJAYA.NS,Vijaya Diagnostic Centre Limited,EQ,INE043W01024,,local_data_nse_equity_list,2026-04-29
VIJIFIN,VIJIFIN.NS,Viji Finance Limited,BE,INE159N01027,,local_data_nse_equity_list,2026-04-29
VIKASECO,VIKASECO.NS,Vikas EcoTech Limited,BE,INE806A01020,,local_data_nse_equity_list,2026-04-29
VIKASLIFE,VIKASLIFE.NS,Vikas Lifecare Limited,BE,INE161L01027,,local_data_nse_equity_list,2026-04-29
VIKRAMSOLR,VIKRAMSOLR.NS,Vikram Solar Limited,EQ,INE078V01014,,local_data_nse_equity_list,2026-04-29
VIKRAN,VIKRAN.NS,Vikran Engineering Limited,EQ,INE01R501028,,local_data_nse_equity_list,2026-04-29
VIMTALABS,VIMTALABS.NS,Vimta Labs Limited,EQ,INE579C01029,,local_data_nse_equity_list,2026-04-29
VINATIORGA,VINATIORGA.NS,Vinati Organics Limited,EQ,INE410B01037,,local_data_nse_equity_list,2026-04-29
VINCOFE,VINCOFE.NS,Vintage Coffee And Beverages Limited,EQ,INE498Q01014,,local_data_nse_equity_list,2026-04-29
VINDHYATEL,VINDHYATEL.NS,Vindhya Telelinks Limited,EQ,INE707A01012,,local_data_nse_equity_list,2026-04-29
VINEETLAB,VINEETLAB.NS,Vineet Laboratories Limited,EQ,INE505Y01010,,local_data_nse_equity_list,2026-04-29
VINNY,VINNY.NS,Vinny Overseas Limited,EQ,INE01KI01027,,local_data_nse_equity_list,2026-04-29
VINYLINDIA,VINYLINDIA.NS,Vinyl Chemicals (India) Limited,EQ,INE250B01029,,local_data_nse_equity_list,2026-04-29
VIPCLOTHNG,VIPCLOTHNG.NS,VIP Clothing Limited,EQ,INE450G01024,,local_data_nse_equity_list,2026-04-29
VIPIND,VIPIND.NS,VIP Industries Limited,EQ,INE054A01027,,local_data_nse_equity_list,2026-04-29
VIPULLTD,VIPULLTD.NS,Vipul Limited,BE,INE946H01037,,local_data_nse_equity_list,2026-04-29
VIRINCHI,VIRINCHI.NS,Virinchi Limited,BE,INE539B01017,,local_data_nse_equity_list,2026-04-29
VISAKAIND,VISAKAIND.NS,Visaka Industries Limited,EQ,INE392A01021,,local_data_nse_equity_list,2026-04-29
VISASTEEL,VISASTEEL.NS,Visa Steel Limited,EQ,INE286H01012,,local_data_nse_equity_list,2026-04-29
VISHNU,VISHNU.NS,Vishnu Chemicals Limited,EQ,INE270I01022,,local_data_nse_equity_list,2026-04-29
VISHWARAJ,VISHWARAJ.NS,Vishwaraj Sugar Industries Limited,BE,INE430N01022,,local_data_nse_equity_list,2026-04-29
VITAL,VITAL.NS,Vital Chemtech Limited,BE,INE0L4K01016,,local_data_nse_equity_list,2026-04-29
VIVIDHA,VIVIDHA.NS,Visagar Polytex Limited,EQ,INE370E01029,,local_data_nse_equity_list,2026-04-29
VIVIMEDLAB,VIVIMEDLAB.NS,Vivimed Labs Limited,BE,INE526G01021,,local_data_nse_equity_list,2026-04-29
VIYASH,VIYASH.NS,Viyash Scientific Limited,EQ,INE807F01027,,local_data_nse_equity_list,2026-04-29
VLEGOV,VLEGOV.NS,VL E-Governance & IT Solutions Limited,BE,INE03HW01020,,local_data_nse_equity_list,2026-04-29
VLSFINANCE,VLSFINANCE.NS,VLS Finance Limited,EQ,INE709A01018,,local_data_nse_equity_list,2026-04-29
VMART,VMART.NS,V-Mart Retail Limited,EQ,INE665J01013,,local_data_nse_equity_list,2026-04-29
VMM,VMM.NS,Vishal Mega Mart Limited,EQ,INE01EA01019,,local_data_nse_equity_list,2026-04-29
VMSTMT,VMSTMT.NS,VMS TMT Limited,EQ,INE0SJA01013,,local_data_nse_equity_list,2026-04-29
VOLTAMP,VOLTAMP.NS,Voltamp Transformers Limited,EQ,INE540H01012,,local_data_nse_equity_list,2026-04-29
VOLTAS,VOLTAS.NS,Voltas Limited,EQ,INE226A01021,,local_data_nse_equity_list,2026-04-29
VPRPL,VPRPL.NS,Vishnu Prakash R Punglia Limited,EQ,INE0AE001013,,local_data_nse_equity_list,2026-04-29
VRAJ,VRAJ.NS,Vraj Iron and Steel Limited,EQ,INE0S2V01010,,local_data_nse_equity_list,2026-04-29
VRLLOG,VRLLOG.NS,VRL Logistics Limited,EQ,INE366I01010,,local_data_nse_equity_list,2026-04-29
VSSL,VSSL.NS,Vardhman Special Steels Limited,EQ,INE050M01012,,local_data_nse_equity_list,2026-04-29
VSTIND,VSTIND.NS,VST Industries Limited,EQ,INE710A01016,,local_data_nse_equity_list,2026-04-29
VSTL,VSTL.NS,Vibhor Steel Tubes Limited,EQ,INE0QTF01015,,local_data_nse_equity_list,2026-04-29
VSTTILLERS,VSTTILLERS.NS,V.S.T Tillers Tractors Limited,EQ,INE764D01017,,local_data_nse_equity_list,2026-04-29
VTL,VTL.NS,Vardhman Textiles Limited,EQ,INE825A01020,,local_data_nse_equity_list,2026-04-29
WAAREEENER,WAAREEENER.NS,Waaree Energies Limited,EQ,INE377N01017,,local_data_nse_equity_list,2026-04-29
WAAREEINDO,WAAREEINDO.NS,Indosolar Limited,BE,INE866K01023,,local_data_nse_equity_list,2026-04-29
WAAREERTL,WAAREERTL.NS,Waaree Renewable Technologies Limited,EQ,INE299N01021,,local_data_nse_equity_list,2026-04-29
WABAG,WABAG.NS,VA Tech Wabag Limited,EQ,INE956G01038,,local_data_nse_equity_list,2026-04-29
WAKEFIT,WAKEFIT.NS,Wakefit Innovations Limited,EQ,INE0E7301029,,local_data_nse_equity_list,2026-04-29
WALCHANNAG,WALCHANNAG.NS,Walchandnagar Industries Limited,EQ,INE711A01022,,local_data_nse_equity_list,2026-04-29
WANBURY,WANBURY.NS,Wanbury Limited,BE,INE107F01022,,local_data_nse_equity_list,2026-04-29
WCIL,WCIL.NS,Western Carriers (India) Limited,EQ,INE0CJF01024,,local_data_nse_equity_list,2026-04-29
WEALTH,WEALTH.NS,Wealth First Portfolio Managers Limited,EQ,INE658T01017,,local_data_nse_equity_list,2026-04-29
WEBELSOLAR,WEBELSOLAR.NS,Websol Energy System Limited,EQ,INE855C01023,,local_data_nse_equity_list,2026-04-29
WEIZMANIND,WEIZMANIND.NS,Weizmann Limited,EQ,INE080A01014,,local_data_nse_equity_list,2026-04-29
WEL,WEL.NS,Wonder Electricals Limited,EQ,INE02WG01024,,local_data_nse_equity_list,2026-04-29
WELCORP,WELCORP.NS,Welspun Corp Limited,EQ,INE191B01025,,local_data_nse_equity_list,2026-04-29
WELENT,WELENT.NS,Welspun Enterprises Limited,EQ,INE625G01013,,local_data_nse_equity_list,2026-04-29
WELINV,WELINV.NS,Welspun Investments and Commercials Limited,EQ,INE389K01018,,local_data_nse_equity_list,2026-04-29
WELSPLSOL,WELSPLSOL.NS,Welspun Specialty Solutions Limited,EQ,INE731F01037,,local_data_nse_equity_list,2026-04-29
WELSPUNLIV,WELSPUNLIV.NS,Welspun Living Limited,EQ,INE192B01031,,local_data_nse_equity_list,2026-04-29
WENDT,WENDT.NS,Wendt (India) Limited,EQ,INE274C01019,,local_data_nse_equity_list,2026-04-29
WESTLIFE,WESTLIFE.NS,WESTLIFE FOODWORLD LIMITED,EQ,INE274F01020,,local_data_nse_equity_list,2026-04-29
WEWIN,WEWIN.NS,WE WIN LIMITED,EQ,INE082W01014,,local_data_nse_equity_list,2026-04-29
WEWORK,WEWORK.NS,WeWork India Management Limited,EQ,INE085001019,,local_data_nse_equity_list,2026-04-29
WHEELS,WHEELS.NS,Wheels India Limited,EQ,INE715A01015,,local_data_nse_equity_list,2026-04-29
WHIRLPOOL,WHIRLPOOL.NS,Whirlpool of India Limited,EQ,INE716A01013,,local_data_nse_equity_list,2026-04-29
WILLAMAGOR,WILLAMAGOR.NS,Williamson Magor & Company Limited,EQ,INE210A01017,,local_data_nse_equity_list,2026-04-29
WIMPLAST,WIMPLAST.NS,Wim Plast Limited,EQ,INE015B01018,,local_data_nse_equity_list,2026-04-29
WINDLAS,WINDLAS.NS,Windlas Biotech Limited,EQ,INE0H5O01029,,local_data_nse_equity_list,2026-04-29
WINDMACHIN,WINDMACHIN.NS,Windsor Machines Limited,EQ,INE052A01021,,local_data_nse_equity_list,2026-04-29
WINSOME,WINSOME.NS,Winsome Yarns Limited,BZ,INE784B01035,,local_data_nse_equity_list,2026-04-29
WIPL,WIPL.NS,The Western India Plywoods Limited,EQ,INE215F01023,,local_data_nse_equity_list,2026-04-29
WIPRO,WIPRO.NS,Wipro Limited,EQ,INE075A01022,,local_data_nse_equity_list,2026-04-29
WOCKPHARMA,WOCKPHARMA.NS,Wockhardt Limited,EQ,INE049B01025,,local_data_nse_equity_list,2026-04-29
WONDERLA,WONDERLA.NS,Wonderla Holidays Limited,EQ,INE066O01014,,local_data_nse_equity_list,2026-04-29
WORTHPERI,WORTHPERI.NS,Worth Peripherals Limited,EQ,INE196Y01018,,local_data_nse_equity_list,2026-04-29
WPIL,WPIL.NS,WPIL Limited,EQ,INE765D01022,,local_data_nse_equity_list,2026-04-29
WSI,WSI.NS,W S Industries (I) Limited,EQ,INE100D01014,,local_data_nse_equity_list,2026-04-29
WSTCSTPAPR,WSTCSTPAPR.NS,West Coast Paper Mills Limited,EQ,INE976A01021,,local_data_nse_equity_list,2026-04-29
XCHANGING,XCHANGING.NS,Xchanging Solutions Limited,EQ,INE692G01013,,local_data_nse_equity_list,2026-04-29
XELPMOC,XELPMOC.NS,Xelpmoc Design And Tech Limited,EQ,INE01P501012,,local_data_nse_equity_list,2026-04-29
XPROINDIA,XPROINDIA.NS,Xpro India Limited,EQ,INE445C01015,,local_data_nse_equity_list,2026-04-29
XTGLOBAL,XTGLOBAL.NS,Xtglobal Infotech Limited,EQ,INE547B01028,,local_data_nse_equity_list,2026-04-29
YASHO,YASHO.NS,Yasho Industries Limited,EQ,INE616Z01012,,local_data_nse_equity_list,2026-04-29
YATHARTH,YATHARTH.NS,Yatharth Hospital & Trauma Care Services Limited,EQ,INE0JO301016,,local_data_nse_equity_list,2026-04-29
YATRA,YATRA.NS,Yatra Online Limited,EQ,INE0JR601024,,local_data_nse_equity_list,2026-04-29
YESBANK,YESBANK.NS,Yes Bank Limited,EQ,INE528G01035,,local_data_nse_equity_list,2026-04-29
YUKEN,YUKEN.NS,Yuken India Limited,EQ,INE384C01016,,local_data_nse_equity_list,2026-04-29
ZAGGLE,ZAGGLE.NS,Zaggle Prepaid Ocean Services Limited,EQ,INE07K301024,,local_data_nse_equity_list,2026-04-29
ZEEL,ZEEL.NS,Zee Entertainment Enterprises Limited,EQ,INE256A01028,,local_data_nse_equity_list,2026-04-29
ZEELEARN,ZEELEARN.NS,Zee Learn Limited,EQ,INE565L01011,,local_data_nse_equity_list,2026-04-29
ZEEMEDIA,ZEEMEDIA.NS,Zee Media Corporation Limited,BE,INE966H01019,,local_data_nse_equity_list,2026-04-29
ZENITHEXPO,ZENITHEXPO.NS,Zenith Exports Limited,EQ,INE058B01018,,local_data_nse_equity_list,2026-04-29
ZENITHSTL,ZENITHSTL.NS,Zenith Steel Pipes & Industries Limited,EQ,INE318D01020,,local_data_nse_equity_list,2026-04-29
ZENSARTECH,ZENSARTECH.NS,Zensar Technologies Limited,EQ,INE520A01027,,local_data_nse_equity_list,2026-04-29
ZENTEC,ZENTEC.NS,Zen Technologies Limited,EQ,INE251B01027,,local_data_nse_equity_list,2026-04-29
ZFCVINDIA,ZFCVINDIA.NS,ZF Commercial Vehicle Control Systems India Limited,EQ,INE342J01019,,local_data_nse_equity_list,2026-04-29
ZFSTEERING,ZFSTEERING.NS,ZF Steering Gear (India) Limited,EQ,INE116C01012,,local_data_nse_equity_list,2026-04-29
ZIMLAB,ZIMLAB.NS,Zim Laboratories Limited,EQ,INE518E01015,,local_data_nse_equity_list,2026-04-29
ZODIAC,ZODIAC.NS,Zodiac Energy Limited,EQ,INE761Y01019,,local_data_nse_equity_list,2026-04-29
ZODIACLOTH,ZODIACLOTH.NS,Zodiac Clothing Company Limited,EQ,INE206B01013,,local_data_nse_equity_list,2026-04-29
ZOTA,ZOTA.NS,Zota Health Care LImited,EQ,INE358U01012,,local_data_nse_equity_list,2026-04-29
ZSARACOM,ZSARACOM.NS,Saraswati Commercial India Limited,EQ,INE967G01019,,local_data_nse_equity_list,2026-04-29
ZUARI,ZUARI.NS,Zuari Agro Chemicals Limited,EQ,INE840M01016,,local_data_nse_equity_list,2026-04-29
ZUARIIND,ZUARIIND.NS,ZUARI INDUSTRIES LIMITED,EQ,INE217A01012,,local_data_nse_equity_list,2026-04-29
ZYDUSLIFE,ZYDUSLIFE.NS,Zydus Lifesciences Limited,EQ,INE010B01027,,local_data_nse_equity_list,2026-04-29
ZYDUSWELL,ZYDUSWELL.NS,Zydus Wellness Limited,EQ,INE768C01028,,local_data_nse_equity_list,2026-04-29
